index,polynomial,operation,operand 1,operand 2,cost,order
0,x,,,,0,1
1,1,,,,0,0
2,2,,,,0,0
3,3,,,,0,0
4,4,,,,0,0
5,5,,,,0,0
6,6,,,,0,0
7,7,,,,0,0
8,8,,,,0,0
9,9,,,,0,0
10,10,,,,0,0
11,2x,ADD,0,0,1,1
12,x+1,ADD,0,1,1,1
13,x+2,ADD,0,2,1,1
14,x+3,ADD,0,3,1,1
15,x+4,ADD,0,4,1,1
16,x+5,ADD,0,5,1,1
17,x+6,ADD,0,6,1,1
18,x+7,ADD,0,7,1,1
19,x+8,ADD,0,8,1,1
20,x+9,ADD,0,9,1,1
21,x+10,ADD,0,10,1,1
22,3x,MULT,0,3,1,1
23,4x,MULT,0,4,1,1
24,5x,MULT,0,5,1,1
25,6x,MULT,0,6,1,1
26,7x,MULT,0,7,1,1
27,8x,MULT,0,8,1,1
28,9x,MULT,0,9,1,1
29,10x,MULT,0,10,1,1
30,2x+1,ADD,11,1,2,1
31,2x+2,ADD,11,2,2,1
32,2x+3,ADD,11,3,2,1
33,2x+4,ADD,11,4,2,1
34,2x+5,ADD,11,5,2,1
35,2x+6,ADD,11,6,2,1
36,2x+7,ADD,11,7,2,1
37,2x+8,ADD,11,8,2,1
38,2x+9,ADD,11,9,2,1
39,2x+10,ADD,11,10,2,1
40,3x+1,ADD,22,1,2,1
41,3x+2,ADD,22,2,2,1
42,3x+3,MULT,12,3,2,1
43,3x+4,ADD,22,4,2,1
44,3x+5,ADD,22,5,2,1
45,3x+6,MULT,13,3,2,1
46,3x+7,ADD,22,7,2,1
47,3x+8,ADD,22,8,2,1
48,3x+9,MULT,14,3,2,1
49,3x+10,ADD,22,10,2,1
50,11x,ADD,29,0,2,1
51,12x,MULT,11,6,2,1
52,14x,MULT,11,7,2,1
53,16x,MULT,11,8,2,1
54,18x,MULT,11,9,2,1
55,20x,MULT,11,10,2,1
56,4x+1,ADD,23,1,2,1
57,5x+1,ADD,24,1,2,1
58,6x+1,ADD,25,1,2,1
59,7x+1,ADD,26,1,2,1
60,8x+1,ADD,27,1,2,1
61,9x+1,ADD,28,1,2,1
62,10x+1,ADD,29,1,2,1
63,11x+1,ADD,12,29,3,1
64,4x+4,MULT,12,4,2,1
65,5x+5,MULT,12,5,2,1
66,6x+6,MULT,12,6,2,1
67,7x+7,MULT,12,7,2,1
68,8x+8,MULT,12,8,2,1
69,9x+9,MULT,12,9,2,1
70,10x+10,MULT,12,10,2,1
71,4x+2,ADD,23,2,2,1
72,5x+2,ADD,24,2,2,1
73,6x+2,ADD,25,2,2,1
74,7x+2,ADD,26,2,2,1
75,8x+2,ADD,27,2,2,1
76,9x+2,ADD,28,2,2,1
77,10x+2,ADD,29,2,2,1
78,11x+2,ADD,13,29,3,1
79,4x+8,MULT,13,4,2,1
80,5x+10,MULT,13,5,2,1
81,4x+3,ADD,23,3,2,1
82,5x+3,ADD,24,3,2,1
83,6x+3,ADD,25,3,2,1
84,7x+3,ADD,26,3,2,1
85,8x+3,ADD,27,3,2,1
86,9x+3,ADD,28,3,2,1
87,10x+3,ADD,29,3,2,1
88,11x+3,ADD,14,29,3,1
89,5x+4,ADD,24,4,2,1
90,6x+4,ADD,25,4,2,1
91,7x+4,ADD,26,4,2,1
92,8x+4,ADD,27,4,2,1
93,9x+4,ADD,28,4,2,1
94,10x+4,ADD,29,4,2,1
95,11x+4,ADD,15,29,3,1
96,4x+5,ADD,23,5,2,1
97,6x+5,ADD,25,5,2,1
98,7x+5,ADD,26,5,2,1
99,8x+5,ADD,27,5,2,1
100,9x+5,ADD,28,5,2,1
101,10x+5,ADD,29,5,2,1
102,11x+5,ADD,16,29,3,1
103,4x+6,ADD,23,6,2,1
104,5x+6,ADD,24,6,2,1
105,7x+6,ADD,26,6,2,1
106,8x+6,ADD,27,6,2,1
107,9x+6,ADD,28,6,2,1
108,10x+6,ADD,29,6,2,1
109,11x+6,ADD,17,29,3,1
110,4x+7,ADD,23,7,2,1
111,5x+7,ADD,24,7,2,1
112,6x+7,ADD,25,7,2,1
113,8x+7,ADD,27,7,2,1
114,9x+7,ADD,28,7,2,1
115,10x+7,ADD,29,7,2,1
116,11x+7,ADD,18,29,3,1
117,5x+8,ADD,24,8,2,1
118,6x+8,ADD,25,8,2,1
119,7x+8,ADD,26,8,2,1
120,9x+8,ADD,28,8,2,1
121,10x+8,ADD,29,8,2,1
122,11x+8,ADD,19,29,3,1
123,4x+9,ADD,23,9,2,1
124,5x+9,ADD,24,9,2,1
125,6x+9,ADD,25,9,2,1
126,7x+9,ADD,26,9,2,1
127,8x+9,ADD,27,9,2,1
128,10x+9,ADD,29,9,2,1
129,11x+9,ADD,20,29,3,1
130,4x+10,ADD,23,10,2,1
131,6x+10,ADD,25,10,2,1
132,7x+10,ADD,26,10,2,1
133,8x+10,ADD,27,10,2,1
134,9x+10,ADD,28,10,2,1
135,11x+10,ADD,21,29,3,1
136,13x,ADD,22,29,3,1
137,15x,MULT,22,5,2,1
138,21x,MULT,22,7,2,1
139,24x,MULT,22,8,2,1
140,27x,MULT,22,9,2,1
141,30x,MULT,22,10,2,1
142,28x,MULT,23,7,2,1
143,25x,MULT,24,5,2,1
144,17x,ADD,26,29,3,1
145,19x,ADD,28,29,3,1
146,12x+1,ADD,51,1,3,1
147,13x+1,ADD,40,29,4,1
148,14x+1,ADD,52,1,3,1
149,16x+1,ADD,53,1,3,1
150,18x+1,ADD,54,1,3,1
151,20x+1,ADD,55,1,3,1
152,22x+1,ADD,138,12,4,1
153,12x+2,ADD,51,2,3,1
154,13x+2,ADD,41,29,4,1
155,12x+3,ADD,51,3,3,1
156,13x+3,ADD,42,29,4,1
157,12x+4,MULT,40,4,3,1
158,13x+4,ADD,43,29,4,1
159,12x+5,ADD,51,5,3,1
160,13x+5,ADD,44,29,4,1
161,12x+6,MULT,30,6,3,1
162,13x+6,ADD,45,29,4,1
163,12x+7,ADD,51,7,3,1
164,13x+7,ADD,46,29,4,1
165,12x+8,MULT,41,4,3,1
166,13x+8,ADD,47,29,4,1
167,12x+9,ADD,51,9,3,1
168,13x+9,ADD,48,29,4,1
169,12x+10,ADD,51,10,3,1
170,13x+10,ADD,49,29,4,1
171,15x+1,ADD,137,1,3,1
172,17x+1,ADD,53,12,4,1
173,23x+1,ADD,30,138,5,1
174,26x+1,ADD,143,12,4,1
175,29x+1,ADD,142,12,4,1
176,27x+1,ADD,140,1,3,1
177,19x+1,ADD,54,12,4,1
178,21x+1,ADD,138,1,3,1
179,14x+7,MULT,30,7,3,1
180,16x+8,MULT,30,8,3,1
181,18x+9,MULT,30,9,3,1
182,20x+10,MULT,30,10,3,1
183,14x+2,ADD,52,2,3,1
184,16x+2,ADD,53,2,3,1
185,18x+2,ADD,54,2,3,1
186,20x+2,ADD,55,2,3,1
187,22x+2,MULT,63,2,4,1
188,15x+2,ADD,137,2,3,1
189,17x+2,ADD,53,13,4,1
190,23x+2,ADD,31,138,5,1
191,26x+2,ADD,143,13,4,1
192,27x+2,ADD,140,2,3,1
193,19x+2,ADD,54,13,4,1
194,21x+2,ADD,138,2,3,1
195,14x+3,ADD,52,3,3,1
196,16x+3,ADD,53,3,3,1
197,18x+3,ADD,54,3,3,1
198,20x+3,ADD,55,3,3,1
199,22x+3,ADD,138,14,4,1
200,15x+3,MULT,57,3,3,1
201,17x+3,ADD,53,14,4,1
202,23x+3,ADD,32,138,5,1
203,26x+3,ADD,143,14,4,1
204,27x+3,MULT,61,3,3,1
205,19x+3,ADD,54,14,4,1
206,21x+3,MULT,59,3,3,1
207,14x+4,ADD,52,4,3,1
208,16x+4,ADD,53,4,3,1
209,18x+4,ADD,54,4,3,1
210,20x+4,ADD,55,4,3,1
211,22x+4,MULT,78,2,4,1
212,15x+4,ADD,137,4,3,1
213,17x+4,ADD,53,15,4,1
214,23x+4,ADD,33,138,5,1
215,26x+4,ADD,143,15,4,1
216,19x+4,ADD,54,15,4,1
217,21x+4,ADD,138,4,3,1
218,14x+5,ADD,52,5,3,1
219,16x+5,ADD,53,5,3,1
220,18x+5,ADD,54,5,3,1
221,20x+5,ADD,55,5,3,1
222,22x+5,ADD,138,16,4,1
223,15x+5,MULT,40,5,3,1
224,17x+5,ADD,53,16,4,1
225,23x+5,ADD,34,138,5,1
226,19x+5,ADD,54,16,4,1
227,21x+5,ADD,138,5,3,1
228,14x+6,ADD,52,6,3,1
229,16x+6,ADD,53,6,3,1
230,18x+6,MULT,40,6,3,1
231,20x+6,ADD,55,6,3,1
232,22x+6,MULT,88,2,4,1
233,15x+6,MULT,72,3,3,1
234,17x+6,ADD,53,17,4,1
235,23x+6,ADD,35,138,5,1
236,19x+6,ADD,54,17,4,1
237,21x+6,MULT,74,3,3,1
238,16x+7,ADD,53,7,3,1
239,18x+7,ADD,54,7,3,1
240,20x+7,ADD,55,7,3,1
241,22x+7,ADD,138,18,4,1
242,15x+7,ADD,137,7,3,1
243,17x+7,ADD,53,18,4,1
244,23x+7,ADD,36,138,5,1
245,19x+7,ADD,54,18,4,1
246,21x+7,MULT,40,7,3,1
247,14x+8,ADD,52,8,3,1
248,18x+8,ADD,54,8,3,1
249,20x+8,ADD,55,8,3,1
250,22x+8,MULT,95,2,4,1
251,15x+8,ADD,137,8,3,1
252,17x+8,ADD,53,19,4,1
253,19x+8,ADD,54,19,4,1
254,21x+8,ADD,138,8,3,1
255,14x+9,ADD,52,9,3,1
256,16x+9,ADD,53,9,3,1
257,20x+9,ADD,55,9,3,1
258,15x+9,MULT,82,3,3,1
259,17x+9,ADD,53,20,4,1
260,19x+9,ADD,54,20,4,1
261,21x+9,MULT,84,3,3,1
262,14x+10,ADD,52,10,3,1
263,16x+10,ADD,53,10,3,1
264,18x+10,ADD,54,10,3,1
265,15x+10,MULT,41,5,3,1
266,17x+10,ADD,53,21,4,1
267,19x+10,ADD,54,21,4,1
268,24x+1,ADD,139,1,3,1
269,28x+1,ADD,142,1,3,1
270,24x+2,ADD,139,2,3,1
271,28x+2,ADD,142,2,3,1
272,24x+3,MULT,60,3,3,1
273,24x+4,MULT,58,4,3,1
274,24x+5,ADD,139,5,3,1
275,24x+6,MULT,56,6,3,1
276,22x,MULT,50,2,3,1
277,23x,ADD,52,28,4,1
278,29x,ADD,142,0,3,1
279,26x,ADD,143,0,3,1
280,25x+1,ADD,143,1,3,1
281,25x+2,ADD,143,2,3,1
282,25x+3,ADD,143,3,3,1
283,25x+4,ADD,143,4,3,1
284,25x+5,MULT,57,5,3,1
285,x^2,MULT,0,0,1,2
286,2x^2,MULT,0,11,2,2
287,x^2+x,MULT,0,12,2,2
288,x^2+2x,MULT,0,13,2,2
289,x^2+3x,MULT,0,14,2,2
290,x^2+4x,MULT,0,15,2,2
291,x^2+5x,MULT,0,16,2,2
292,x^2+6x,MULT,0,17,2,2
293,x^2+7x,MULT,0,18,2,2
294,x^2+8x,MULT,0,19,2,2
295,x^2+9x,MULT,0,20,2,2
296,x^2+10x,MULT,0,21,2,2
297,3x^2,MULT,0,22,2,2
298,4x^2,MULT,0,23,2,2
299,5x^2,MULT,0,24,2,2
300,6x^2,MULT,0,25,2,2
301,7x^2,MULT,0,26,2,2
302,8x^2,MULT,0,27,2,2
303,9x^2,MULT,0,28,2,2
304,10x^2,MULT,0,29,2,2
305,2x^2+x,MULT,0,30,3,2
306,2x^2+2x,MULT,0,31,3,2
307,2x^2+3x,MULT,0,32,3,2
308,2x^2+4x,MULT,0,33,3,2
309,2x^2+5x,MULT,0,34,3,2
310,2x^2+6x,MULT,0,35,3,2
311,2x^2+7x,MULT,0,36,3,2
312,2x^2+8x,MULT,0,37,3,2
313,2x^2+9x,MULT,0,38,3,2
314,2x^2+10x,MULT,0,39,3,2
315,3x^2+x,MULT,0,40,3,2
316,3x^2+2x,MULT,0,41,3,2
317,3x^2+3x,MULT,0,42,3,2
318,3x^2+4x,MULT,0,43,3,2
319,3x^2+5x,MULT,0,44,3,2
320,3x^2+6x,MULT,0,45,3,2
321,3x^2+7x,MULT,0,46,3,2
322,3x^2+8x,MULT,0,47,3,2
323,3x^2+9x,MULT,0,48,3,2
324,3x^2+10x,MULT,0,49,3,2
325,11x^2,MULT,0,50,3,2
326,12x^2,MULT,0,51,3,2
327,14x^2,MULT,0,52,3,2
328,16x^2,MULT,0,53,3,2
329,4x^2+x,MULT,0,56,3,2
330,5x^2+x,MULT,0,57,3,2
331,6x^2+x,MULT,0,58,3,2
332,7x^2+x,MULT,0,59,3,2
333,8x^2+x,MULT,0,60,3,2
334,9x^2+x,MULT,0,61,3,2
335,10x^2+x,MULT,0,62,3,2
336,11x^2+x,MULT,0,63,4,2
337,4x^2+4x,MULT,0,64,3,2
338,5x^2+5x,MULT,0,65,3,2
339,6x^2+6x,MULT,0,66,3,2
340,7x^2+7x,MULT,0,67,3,2
341,8x^2+8x,MULT,0,68,3,2
342,9x^2+9x,MULT,0,69,3,2
343,10x^2+10x,MULT,0,70,3,2
344,4x^2+2x,MULT,0,71,3,2
345,5x^2+2x,MULT,0,72,3,2
346,6x^2+2x,MULT,0,73,3,2
347,7x^2+2x,MULT,0,74,3,2
348,8x^2+2x,MULT,0,75,3,2
349,9x^2+2x,MULT,0,76,3,2
350,10x^2+2x,MULT,0,77,3,2
351,11x^2+2x,MULT,0,78,4,2
352,4x^2+8x,MULT,0,79,3,2
353,5x^2+10x,MULT,0,80,3,2
354,4x^2+3x,MULT,0,81,3,2
355,5x^2+3x,MULT,0,82,3,2
356,6x^2+3x,MULT,0,83,3,2
357,7x^2+3x,MULT,0,84,3,2
358,8x^2+3x,MULT,0,85,3,2
359,9x^2+3x,MULT,0,86,3,2
360,10x^2+3x,MULT,0,87,3,2
361,11x^2+3x,MULT,0,88,4,2
362,5x^2+4x,MULT,0,89,3,2
363,6x^2+4x,MULT,0,90,3,2
364,7x^2+4x,MULT,0,91,3,2
365,8x^2+4x,MULT,0,92,3,2
366,9x^2+4x,MULT,0,93,3,2
367,10x^2+4x,MULT,0,94,3,2
368,11x^2+4x,MULT,0,95,4,2
369,4x^2+5x,MULT,0,96,3,2
370,6x^2+5x,MULT,0,97,3,2
371,7x^2+5x,MULT,0,98,3,2
372,8x^2+5x,MULT,0,99,3,2
373,9x^2+5x,MULT,0,100,3,2
374,10x^2+5x,MULT,0,101,3,2
375,11x^2+5x,MULT,0,102,4,2
376,4x^2+6x,MULT,0,103,3,2
377,5x^2+6x,MULT,0,104,3,2
378,7x^2+6x,MULT,0,105,3,2
379,8x^2+6x,MULT,0,106,3,2
380,9x^2+6x,MULT,0,107,3,2
381,10x^2+6x,MULT,0,108,3,2
382,11x^2+6x,MULT,0,109,4,2
383,4x^2+7x,MULT,0,110,3,2
384,5x^2+7x,MULT,0,111,3,2
385,6x^2+7x,MULT,0,112,3,2
386,8x^2+7x,MULT,0,113,3,2
387,9x^2+7x,MULT,0,114,3,2
388,10x^2+7x,MULT,0,115,3,2
389,11x^2+7x,MULT,0,116,4,2
390,5x^2+8x,MULT,0,117,3,2
391,6x^2+8x,MULT,0,118,3,2
392,7x^2+8x,MULT,0,119,3,2
393,9x^2+8x,MULT,0,120,3,2
394,10x^2+8x,MULT,0,121,3,2
395,11x^2+8x,MULT,0,122,4,2
396,4x^2+9x,MULT,0,123,3,2
397,5x^2+9x,MULT,0,124,3,2
398,6x^2+9x,MULT,0,125,3,2
399,7x^2+9x,MULT,0,126,3,2
400,8x^2+9x,MULT,0,127,3,2
401,10x^2+9x,MULT,0,128,3,2
402,11x^2+9x,MULT,0,129,4,2
403,4x^2+10x,MULT,0,130,3,2
404,6x^2+10x,MULT,0,131,3,2
405,7x^2+10x,MULT,0,132,3,2
406,8x^2+10x,MULT,0,133,3,2
407,9x^2+10x,MULT,0,134,3,2
408,11x^2+10x,MULT,0,135,4,2
409,13x^2,MULT,0,136,4,2
410,15x^2,MULT,0,137,3,2
411,17x^2,MULT,0,144,4,2
412,12x^2+x,MULT,0,146,4,2
413,13x^2+x,MULT,0,147,5,2
414,14x^2+x,MULT,0,148,4,2
415,16x^2+x,MULT,0,149,4,2
416,12x^2+2x,MULT,0,153,4,2
417,13x^2+2x,MULT,0,154,5,2
418,12x^2+3x,MULT,0,155,4,2
419,13x^2+3x,MULT,0,156,5,2
420,12x^2+4x,MULT,0,157,4,2
421,13x^2+4x,MULT,0,158,5,2
422,12x^2+5x,MULT,0,159,4,2
423,13x^2+5x,MULT,0,160,5,2
424,12x^2+6x,MULT,0,161,4,2
425,13x^2+6x,MULT,0,162,5,2
426,12x^2+7x,MULT,0,163,4,2
427,13x^2+7x,MULT,0,164,5,2
428,12x^2+8x,MULT,0,165,4,2
429,13x^2+8x,MULT,0,166,5,2
430,12x^2+9x,MULT,0,167,4,2
431,13x^2+9x,MULT,0,168,5,2
432,12x^2+10x,MULT,0,169,4,2
433,15x^2+x,MULT,0,171,4,2
434,17x^2+x,MULT,0,172,5,2
435,14x^2+7x,MULT,0,179,4,2
436,14x^2+2x,MULT,0,183,4,2
437,16x^2+2x,MULT,0,184,4,2
438,15x^2+2x,MULT,0,188,4,2
439,14x^2+3x,MULT,0,195,4,2
440,16x^2+3x,MULT,0,196,4,2
441,15x^2+3x,MULT,0,200,4,2
442,14x^2+4x,MULT,0,207,4,2
443,15x^2+4x,MULT,0,212,4,2
444,14x^2+5x,MULT,0,218,4,2
445,15x^2+5x,MULT,0,223,4,2
446,14x^2+6x,MULT,0,228,4,2
447,2x^2+12x,MULT,11,17,3,2
448,2x^2+14x,MULT,11,18,3,2
449,2x^2+16x,MULT,11,19,3,2
450,2x^2+18x,MULT,11,20,3,2
451,2x^2+20x,MULT,11,21,3,2
452,4x^2+12x,MULT,14,23,3,2
453,4x^2+14x,MULT,11,36,4,2
454,4x^2+16x,MULT,15,23,3,2
455,4x^2+18x,MULT,11,38,4,2
456,4x^2+20x,MULT,16,23,3,2
457,6x^2+12x,MULT,13,25,3,2
458,6x^2+14x,MULT,11,46,4,2
459,6x^2+16x,MULT,11,47,4,2
460,6x^2+18x,MULT,14,25,3,2
461,6x^2+20x,MULT,11,49,4,2
462,8x^2+16x,MULT,13,27,3,2
463,8x^2+12x,MULT,11,103,4,2
464,10x^2+12x,MULT,11,104,4,2
465,8x^2+14x,MULT,11,110,4,2
466,10x^2+14x,MULT,11,111,4,2
467,8x^2+18x,MULT,11,123,4,2
468,x^2+2x+1,MULT,12,12,3,2
469,x^2+3x+2,MULT,12,13,3,2
470,x^2+4x+3,MULT,12,14,3,2
471,x^2+5x+4,MULT,12,15,3,2
472,x^2+6x+5,MULT,12,16,3,2
473,x^2+7x+6,MULT,12,17,3,2
474,x^2+8x+7,MULT,12,18,3,2
475,x^2+9x+8,MULT,12,19,3,2
476,x^2+10x+9,MULT,12,20,3,2
477,x^2+11x+10,MULT,12,21,3,2
478,2x^2+3x+1,MULT,12,30,4,2
479,2x^2+4x+2,MULT,12,31,4,2
480,2x^2+5x+3,MULT,12,32,4,2
481,2x^2+6x+4,MULT,12,33,4,2
482,2x^2+7x+5,MULT,12,34,4,2
483,2x^2+8x+6,MULT,12,35,4,2
484,2x^2+9x+7,MULT,12,36,4,2
485,2x^2+10x+8,MULT,12,37,4,2
486,2x^2+11x+9,MULT,12,38,4,2
487,2x^2+12x+10,MULT,12,39,4,2
488,3x^2+4x+1,MULT,12,40,4,2
489,3x^2+5x+2,MULT,12,41,4,2
490,3x^2+6x+3,MULT,12,42,4,2
491,3x^2+7x+4,MULT,12,43,4,2
492,3x^2+8x+5,MULT,12,44,4,2
493,3x^2+9x+6,MULT,12,45,4,2
494,3x^2+10x+7,MULT,12,46,4,2
495,3x^2+11x+8,MULT,12,47,4,2
496,3x^2+12x+9,MULT,12,48,4,2
497,3x^2+13x+10,MULT,12,49,4,2
498,11x^2+11x,MULT,12,50,4,2
499,4x^2+5x+1,MULT,12,56,4,2
500,5x^2+6x+1,MULT,12,57,4,2
501,6x^2+7x+1,MULT,12,58,4,2
502,7x^2+8x+1,MULT,12,59,4,2
503,8x^2+9x+1,MULT,12,60,4,2
504,9x^2+10x+1,MULT,12,61,4,2
505,10x^2+11x+1,MULT,12,62,4,2
506,11x^2+12x+1,MULT,12,63,5,2
507,4x^2+8x+4,MULT,12,64,4,2
508,5x^2+10x+5,MULT,12,65,4,2
509,6x^2+12x+6,MULT,12,66,4,2
510,7x^2+14x+7,MULT,12,67,4,2
511,4x^2+6x+2,MULT,12,71,4,2
512,5x^2+7x+2,MULT,12,72,4,2
513,6x^2+8x+2,MULT,12,73,4,2
514,7x^2+9x+2,MULT,12,74,4,2
515,8x^2+10x+2,MULT,12,75,4,2
516,9x^2+11x+2,MULT,12,76,4,2
517,10x^2+12x+2,MULT,12,77,4,2
518,4x^2+12x+8,MULT,12,79,4,2
519,5x^2+15x+10,MULT,12,80,4,2
520,4x^2+7x+3,MULT,12,81,4,2
521,5x^2+8x+3,MULT,12,82,4,2
522,6x^2+9x+3,MULT,12,83,4,2
523,7x^2+10x+3,MULT,12,84,4,2
524,8x^2+11x+3,MULT,12,85,4,2
525,9x^2+12x+3,MULT,12,86,4,2
526,10x^2+13x+3,MULT,12,87,4,2
527,5x^2+9x+4,MULT,12,89,4,2
528,6x^2+10x+4,MULT,12,90,4,2
529,7x^2+11x+4,MULT,12,91,4,2
530,8x^2+12x+4,MULT,12,92,4,2
531,9x^2+13x+4,MULT,12,93,4,2
532,4x^2+9x+5,MULT,12,96,4,2
533,6x^2+11x+5,MULT,12,97,4,2
534,7x^2+12x+5,MULT,12,98,4,2
535,8x^2+13x+5,MULT,12,99,4,2
536,9x^2+14x+5,MULT,12,100,4,2
537,4x^2+10x+6,MULT,12,103,4,2
538,5x^2+11x+6,MULT,12,104,4,2
539,7x^2+13x+6,MULT,12,105,4,2
540,8x^2+14x+6,MULT,12,106,4,2
541,4x^2+11x+7,MULT,12,110,4,2
542,5x^2+12x+7,MULT,12,111,4,2
543,6x^2+13x+7,MULT,12,112,4,2
544,8x^2+15x+7,MULT,12,113,4,2
545,5x^2+13x+8,MULT,12,117,4,2
546,6x^2+14x+8,MULT,12,118,4,2
547,7x^2+15x+8,MULT,12,119,4,2
548,4x^2+13x+9,MULT,12,123,4,2
549,5x^2+14x+9,MULT,12,124,4,2
550,6x^2+15x+9,MULT,12,125,4,2
551,4x^2+14x+10,MULT,12,130,4,2
552,x^2+4x+4,MULT,13,13,3,2
553,x^2+5x+6,MULT,13,14,3,2
554,x^2+6x+8,MULT,13,15,3,2
555,x^2+7x+10,MULT,13,16,3,2
556,7x^2+14x,MULT,13,26,3,2
557,2x^2+5x+2,MULT,13,30,4,2
558,2x^2+7x+6,MULT,13,32,4,2
559,2x^2+8x+8,MULT,13,33,4,2
560,2x^2+9x+10,MULT,13,34,4,2
561,3x^2+7x+2,MULT,13,40,4,2
562,3x^2+8x+4,MULT,13,41,4,2
563,3x^2+10x+8,MULT,13,43,4,2
564,3x^2+11x+10,MULT,13,44,4,2
565,4x^2+9x+2,MULT,13,56,4,2
566,5x^2+11x+2,MULT,13,57,4,2
567,6x^2+13x+2,MULT,13,58,4,2
568,7x^2+15x+2,MULT,13,59,4,2
569,8x^2+17x+2,MULT,13,60,4,2
570,4x^2+10x+4,MULT,13,71,4,2
571,5x^2+12x+4,MULT,13,72,4,2
572,6x^2+14x+4,MULT,13,73,4,2
573,7x^2+16x+4,MULT,13,74,4,2
574,4x^2+11x+6,MULT,13,81,4,2
575,5x^2+13x+6,MULT,13,82,4,2
576,6x^2+15x+6,MULT,13,83,4,2
577,7x^2+17x+6,MULT,13,84,4,2
578,5x^2+14x+8,MULT,13,89,4,2
579,6x^2+16x+8,MULT,13,90,4,2
580,4x^2+13x+10,MULT,13,96,4,2
581,x^2+6x+9,MULT,14,14,3,2
582,5x^2+15x,MULT,14,24,3,2
583,7x^2+21x,MULT,14,26,3,2
584,2x^2+7x+3,MULT,14,30,4,2
585,2x^2+9x+9,MULT,14,32,4,2
586,3x^2+10x+3,MULT,14,40,4,2
587,3x^2+11x+6,MULT,14,41,4,2
588,4x^2+13x+3,MULT,14,56,4,2
589,5x^2+16x+3,MULT,14,57,4,2
590,6x^2+19x+3,MULT,14,58,4,2
591,4x^2+14x+6,MULT,14,71,4,2
592,5x^2+17x+6,MULT,14,72,4,2
593,4x^2+15x+9,MULT,14,81,4,2
594,3x^2+12x,MULT,15,22,3,2
595,5x^2+20x,MULT,15,24,3,2
596,2x^2+9x+4,MULT,15,30,4,2
597,3x^2+13x+4,MULT,15,40,4,2
598,3x^2+14x+8,MULT,15,41,4,2
599,4x^2+17x+4,MULT,15,56,4,2
600,5x^2+21x+4,MULT,15,57,4,2
601,4x^2+18x+8,MULT,15,71,4,2
602,3x^2+15x,MULT,16,22,3,2
603,5x^2+25x,MULT,16,24,3,2
604,2x^2+11x+5,MULT,16,30,4,2
605,3x^2+16x+5,MULT,16,40,4,2
606,3x^2+17x+10,MULT,16,41,4,2
607,4x^2+21x+5,MULT,16,56,4,2
608,3x^2+18x,MULT,17,22,3,2
609,4x^2+24x,MULT,17,23,3,2
610,2x^2+13x+6,MULT,17,30,4,2
611,3x^2+19x+6,MULT,17,40,4,2
612,3x^2+21x,MULT,18,22,3,2
613,2x^2+15x+7,MULT,18,30,4,2
614,3x^2+24x,MULT,19,22,3,2
615,2x^2+17x+8,MULT,19,30,4,2
616,3x^2+27x,MULT,20,22,3,2
617,2x^2+19x+9,MULT,20,30,4,2
618,6x^2+15x,MULT,22,34,4,2
619,6x^2+21x,MULT,22,36,4,2
620,9x^2+12x,MULT,22,43,4,2
621,9x^2+15x,MULT,22,44,4,2
622,10x^2+15x,MULT,24,32,4,2
623,4x^2+4x+1,ADD,337,1,4,2
624,4x^2+8x+3,ADD,352,3,4,2
625,4x^2+12x+5,ADD,452,5,4,2
626,4x^2+16x+7,ADD,454,7,4,2
627,6x^2+5x+1,ADD,370,1,4,2
628,6x^2+7x+2,ADD,385,2,4,2
629,6x^2+11x+4,MULT,30,43,5,2
630,6x^2+13x+5,MULT,30,44,5,2
631,6x^2+17x+7,MULT,30,46,5,2
632,8x^2+6x+1,ADD,379,1,4,2
633,10x^2+7x+1,ADD,388,1,4,2
634,12x^2+8x+1,MULT,30,58,5,2
635,8x^2+8x+2,ADD,341,2,4,2
636,10x^2+9x+2,ADD,401,2,4,2
637,12x^2+10x+2,MULT,30,73,5,2
638,8x^2+10x+3,ADD,406,3,4,2
639,10x^2+11x+3,MULT,30,82,5,2
640,10x^2+13x+4,MULT,30,89,5,2
641,8x^2+14x+5,MULT,30,96,5,2
642,8x^2+16x+6,ADD,462,6,4,2
643,4x^2+12x+9,ADD,452,9,4,2
644,6x^2+11x+3,MULT,32,40,5,2
645,6x^2+13x+6,MULT,32,41,5,2
646,8x^2+14x+3,MULT,32,56,5,2
647,6x^2+17x+5,MULT,34,40,5,2
648,9x^2+6x+1,ADD,380,1,4,2
649,9x^2+9x+2,ADD,342,2,4,2
650,9x^2+15x+4,MULT,40,43,5,2
651,12x^2+7x+1,MULT,40,56,5,2
652,9x^2+12x+4,MULT,41,41,5,2
653,x^2+1,ADD,285,1,2,2
654,x^2+2,ADD,285,2,2,2
655,x^2+3,ADD,285,3,2,2
656,x^2+4,ADD,285,4,2,2
657,x^2+5,ADD,285,5,2,2
658,x^2+6,ADD,285,6,2,2
659,x^2+7,ADD,285,7,2,2
660,x^2+8,ADD,285,8,2,2
661,x^2+9,ADD,285,9,2,2
662,x^2+10,ADD,285,10,2,2
663,x^2+x+1,ADD,285,12,3,2
664,x^2+x+2,ADD,285,13,3,2
665,x^2+x+3,ADD,285,14,3,2
666,x^2+x+4,ADD,285,15,3,2
667,x^2+x+5,ADD,285,16,3,2
668,x^2+x+6,ADD,285,17,3,2
669,x^2+x+7,ADD,285,18,3,2
670,x^2+x+8,ADD,285,19,3,2
671,x^2+x+9,ADD,285,20,3,2
672,x^2+x+10,ADD,285,21,3,2
673,x^2+2x+2,ADD,288,2,3,2
674,x^2+2x+3,ADD,288,3,3,2
675,x^2+2x+4,ADD,288,4,3,2
676,x^2+2x+5,ADD,288,5,3,2
677,x^2+2x+6,ADD,288,6,3,2
678,x^2+2x+7,ADD,288,7,3,2
679,x^2+2x+8,ADD,288,8,3,2
680,x^2+2x+9,ADD,288,9,3,2
681,x^2+2x+10,ADD,288,10,3,2
682,x^2+3x+1,ADD,289,1,3,2
683,x^2+3x+3,ADD,289,3,3,2
684,x^2+3x+4,ADD,289,4,3,2
685,x^2+3x+5,ADD,289,5,3,2
686,x^2+3x+6,ADD,289,6,3,2
687,x^2+3x+7,ADD,289,7,3,2
688,x^2+3x+8,ADD,289,8,3,2
689,x^2+3x+9,ADD,289,9,3,2
690,x^2+3x+10,ADD,289,10,3,2
691,x^2+11x,ADD,296,0,3,2
692,x^2+12x,ADD,285,51,4,2
693,x^2+14x,ADD,285,52,4,2
694,x^2+16x,ADD,285,53,4,2
695,x^2+18x,ADD,285,54,4,2
696,x^2+20x,ADD,285,55,4,2
697,x^2+4x+1,ADD,290,1,3,2
698,x^2+5x+1,ADD,291,1,3,2
699,x^2+6x+1,ADD,292,1,3,2
700,x^2+7x+1,ADD,293,1,3,2
701,x^2+8x+1,ADD,294,1,3,2
702,x^2+9x+1,ADD,295,1,3,2
703,x^2+10x+1,ADD,296,1,3,2
704,x^2+11x+1,ADD,296,12,4,2
705,x^2+5x+5,ADD,291,5,3,2
706,x^2+6x+6,ADD,292,6,3,2
707,x^2+7x+7,ADD,293,7,3,2
708,x^2+8x+8,ADD,294,8,3,2
709,x^2+9x+9,ADD,295,9,3,2
710,x^2+10x+10,ADD,296,10,3,2
711,x^2+4x+2,ADD,290,2,3,2
712,x^2+5x+2,ADD,291,2,3,2
713,x^2+6x+2,ADD,292,2,3,2
714,x^2+7x+2,ADD,293,2,3,2
715,x^2+8x+2,ADD,294,2,3,2
716,x^2+9x+2,ADD,295,2,3,2
717,x^2+10x+2,ADD,296,2,3,2
718,x^2+11x+2,ADD,296,13,4,2
719,x^2+4x+8,ADD,290,8,3,2
720,x^2+5x+10,ADD,291,10,3,2
721,x^2+5x+3,ADD,291,3,3,2
722,x^2+6x+3,ADD,292,3,3,2
723,x^2+7x+3,ADD,293,3,3,2
724,x^2+8x+3,ADD,294,3,3,2
725,x^2+9x+3,ADD,295,3,3,2
726,x^2+10x+3,ADD,296,3,3,2
727,x^2+11x+3,ADD,296,14,4,2
728,x^2+6x+4,ADD,292,4,3,2
729,x^2+7x+4,ADD,293,4,3,2
730,x^2+8x+4,ADD,294,4,3,2
731,x^2+9x+4,ADD,295,4,3,2
732,x^2+10x+4,ADD,296,4,3,2
733,x^2+11x+4,ADD,296,15,4,2
734,x^2+4x+5,ADD,290,5,3,2
735,x^2+7x+5,ADD,293,5,3,2
736,x^2+8x+5,ADD,294,5,3,2
737,x^2+9x+5,ADD,295,5,3,2
738,x^2+10x+5,ADD,296,5,3,2
739,x^2+11x+5,ADD,296,16,4,2
740,x^2+4x+6,ADD,290,6,3,2
741,x^2+8x+6,ADD,294,6,3,2
742,x^2+9x+6,ADD,295,6,3,2
743,x^2+10x+6,ADD,296,6,3,2
744,x^2+11x+6,ADD,296,17,4,2
745,x^2+4x+7,ADD,290,7,3,2
746,x^2+5x+7,ADD,291,7,3,2
747,x^2+6x+7,ADD,292,7,3,2
748,x^2+9x+7,ADD,295,7,3,2
749,x^2+10x+7,ADD,296,7,3,2
750,x^2+11x+7,ADD,296,18,4,2
751,x^2+5x+8,ADD,291,8,3,2
752,x^2+7x+8,ADD,293,8,3,2
753,x^2+10x+8,ADD,296,8,3,2
754,x^2+11x+8,ADD,296,19,4,2
755,x^2+4x+9,ADD,290,9,3,2
756,x^2+5x+9,ADD,291,9,3,2
757,x^2+7x+9,ADD,293,9,3,2
758,x^2+8x+9,ADD,294,9,3,2
759,x^2+11x+9,ADD,296,20,4,2
760,x^2+4x+10,ADD,290,10,3,2
761,x^2+6x+10,ADD,292,10,3,2
762,x^2+8x+10,ADD,294,10,3,2
763,x^2+9x+10,ADD,295,10,3,2
764,x^2+13x,ADD,289,29,4,2
765,x^2+15x,ADD,285,137,4,2
766,x^2+21x,ADD,285,138,4,2
767,x^2+24x,ADD,285,139,4,2
768,x^2+27x,ADD,285,140,4,2
769,x^2+28x,ADD,285,142,4,2
770,x^2+25x,ADD,285,143,4,2
771,x^2+17x,ADD,293,29,4,2
772,x^2+19x,ADD,295,29,4,2
773,x^2+12x+1,ADD,285,146,5,2
774,x^2+13x+1,ADD,289,62,5,2
775,x^2+14x+1,ADD,285,148,5,2
776,x^2+16x+1,ADD,285,149,5,2
777,x^2+18x+1,ADD,285,150,5,2
778,x^2+20x+1,ADD,285,151,5,2
779,x^2+22x+1,ADD,285,152,6,2
780,x^2+12x+2,ADD,285,153,5,2
781,x^2+13x+2,ADD,289,77,5,2
782,x^2+12x+3,ADD,285,155,5,2
783,x^2+13x+3,ADD,289,87,5,2
784,x^2+12x+4,ADD,285,157,5,2
785,x^2+13x+4,ADD,289,94,5,2
786,x^2+12x+5,ADD,285,159,5,2
787,x^2+13x+5,ADD,289,101,5,2
788,x^2+12x+6,ADD,285,161,5,2
789,x^2+13x+6,ADD,289,108,5,2
790,x^2+12x+7,ADD,285,163,5,2
791,x^2+13x+7,ADD,289,115,5,2
792,x^2+12x+8,ADD,285,165,5,2
793,x^2+13x+8,ADD,289,121,5,2
794,x^2+12x+9,ADD,285,167,5,2
795,x^2+13x+9,ADD,289,128,5,2
796,x^2+12x+10,ADD,477,0,4,2
797,x^2+13x+10,ADD,289,70,5,2
798,x^2+15x+1,ADD,285,171,5,2
799,x^2+17x+1,ADD,293,62,5,2
800,x^2+23x+1,ADD,288,178,6,2
801,x^2+26x+1,ADD,285,174,6,2
802,x^2+27x+1,ADD,285,176,5,2
803,x^2+19x+1,ADD,295,62,5,2
804,x^2+21x+1,ADD,285,178,5,2
805,x^2+14x+7,ADD,285,179,5,2
806,x^2+16x+8,ADD,285,180,5,2
807,x^2+18x+9,ADD,285,181,5,2
808,x^2+14x+2,ADD,285,183,5,2
809,x^2+16x+2,ADD,285,184,5,2
810,x^2+18x+2,ADD,285,185,5,2
811,x^2+20x+2,ADD,285,186,5,2
812,x^2+22x+2,ADD,285,187,6,2
813,x^2+15x+2,ADD,285,188,5,2
814,x^2+17x+2,ADD,293,77,5,2
815,x^2+23x+2,ADD,288,194,6,2
816,x^2+26x+2,ADD,285,191,6,2
817,x^2+27x+2,ADD,285,192,5,2
818,x^2+19x+2,ADD,295,77,5,2
819,x^2+21x+2,ADD,285,194,5,2
820,x^2+14x+3,ADD,285,195,5,2
821,x^2+16x+3,ADD,285,196,5,2
822,x^2+18x+3,ADD,285,197,5,2
823,x^2+20x+3,ADD,285,198,5,2
824,x^2+22x+3,ADD,285,199,6,2
825,x^2+15x+3,ADD,285,200,5,2
826,x^2+17x+3,ADD,293,87,5,2
827,x^2+23x+3,ADD,288,206,6,2
828,x^2+26x+3,ADD,285,203,6,2
829,x^2+19x+3,ADD,295,87,5,2
830,x^2+21x+3,ADD,285,206,5,2
831,x^2+14x+4,ADD,285,207,5,2
832,x^2+16x+4,ADD,285,208,5,2
833,x^2+18x+4,ADD,285,209,5,2
834,x^2+20x+4,ADD,285,210,5,2
835,x^2+22x+4,ADD,285,211,6,2
836,x^2+15x+4,ADD,285,212,5,2
837,x^2+17x+4,ADD,293,94,5,2
838,x^2+23x+4,ADD,288,217,6,2
839,x^2+19x+4,ADD,295,94,5,2
840,x^2+21x+4,ADD,285,217,5,2
841,x^2+14x+5,ADD,285,218,5,2
842,x^2+16x+5,ADD,285,219,5,2
843,x^2+18x+5,ADD,285,220,5,2
844,x^2+20x+5,ADD,285,221,5,2
845,x^2+22x+5,ADD,285,222,6,2
846,x^2+15x+5,ADD,285,223,5,2
847,x^2+17x+5,ADD,293,101,5,2
848,x^2+23x+5,ADD,288,227,6,2
849,x^2+19x+5,ADD,295,101,5,2
850,x^2+21x+5,ADD,285,227,5,2
851,x^2+14x+6,ADD,285,228,5,2
852,x^2+16x+6,ADD,285,229,5,2
853,x^2+18x+6,ADD,285,230,5,2
854,x^2+20x+6,ADD,285,231,5,2
855,x^2+22x+6,ADD,285,232,6,2
856,x^2+15x+6,ADD,285,233,5,2
857,x^2+17x+6,ADD,293,108,5,2
858,x^2+23x+6,ADD,288,237,6,2
859,x^2+19x+6,ADD,295,108,5,2
860,x^2+21x+6,ADD,285,237,5,2
861,x^2+16x+7,ADD,285,238,5,2
862,x^2+18x+7,ADD,285,239,5,2
863,x^2+20x+7,ADD,285,240,5,2
864,x^2+22x+7,ADD,285,241,6,2
865,x^2+15x+7,ADD,285,242,5,2
866,x^2+17x+7,ADD,293,115,5,2
867,x^2+19x+7,ADD,295,115,5,2
868,x^2+21x+7,ADD,285,246,5,2
869,x^2+14x+8,ADD,285,247,5,2
870,x^2+18x+8,ADD,285,248,5,2
871,x^2+20x+8,ADD,285,249,5,2
872,x^2+15x+8,ADD,285,251,5,2
873,x^2+17x+8,ADD,293,121,5,2
874,x^2+19x+8,ADD,295,121,5,2
875,x^2+21x+8,ADD,285,254,5,2
876,x^2+14x+9,ADD,285,255,5,2
877,x^2+16x+9,ADD,285,256,5,2
878,x^2+20x+9,ADD,285,257,5,2
879,x^2+15x+9,ADD,285,258,5,2
880,x^2+17x+9,ADD,293,128,5,2
881,x^2+19x+9,ADD,295,128,5,2
882,x^2+14x+10,ADD,285,262,5,2
883,x^2+16x+10,ADD,285,263,5,2
884,x^2+18x+10,ADD,285,264,5,2
885,x^2+15x+10,ADD,285,265,5,2
886,x^2+17x+10,ADD,293,70,5,2
887,x^2+19x+10,ADD,295,70,5,2
888,x^2+24x+1,ADD,285,268,5,2
889,x^2+28x+1,ADD,285,269,5,2
890,x^2+24x+2,ADD,285,270,5,2
891,x^2+24x+3,ADD,285,272,5,2
892,x^2+24x+4,ADD,285,273,5,2
893,x^2+24x+5,ADD,285,274,5,2
894,x^2+22x,ADD,285,276,5,2
895,x^2+23x,ADD,288,138,5,2
896,x^2+29x,ADD,285,278,5,2
897,x^2+26x,ADD,285,279,5,2
898,x^2+25x+1,ADD,285,280,5,2
899,x^2+25x+2,ADD,285,281,5,2
900,x^2+25x+3,ADD,285,282,5,2
901,x^2+25x+4,ADD,285,283,5,2
902,3x^2+14x,ADD,285,448,5,2
903,3x^2+16x,ADD,602,0,4,2
904,3x^2+20x,ADD,285,451,5,2
905,5x^2+12x,ADD,285,452,5,2
906,5x^2+14x,ADD,299,52,5,2
907,5x^2+16x,ADD,582,0,4,2
908,5x^2+18x,ADD,299,54,5,2
909,7x^2+12x,ADD,285,457,5,2
910,7x^2+16x,ADD,301,53,5,2
911,7x^2+18x,ADD,285,460,5,2
912,7x^2+20x,ADD,301,55,5,2
913,9x^2+16x,ADD,285,462,5,2
914,11x^2+12x,ADD,498,0,5,2
915,9x^2+14x,ADD,303,52,5,2
916,2x^2+2x+1,ADD,306,1,4,2
917,2x^2+3x+2,ADD,307,2,4,2
918,2x^2+4x+3,ADD,308,3,4,2
919,2x^2+5x+4,ADD,309,4,4,2
920,2x^2+6x+5,ADD,310,5,4,2
921,2x^2+8x+7,ADD,312,7,4,2
922,2x^2+9x+8,ADD,313,8,4,2
923,2x^2+10x+9,ADD,314,9,4,2
924,2x^2+11x+10,ADD,285,477,5,2
925,3x^2+3x+1,ADD,317,1,4,2
926,3x^2+4x+2,ADD,318,2,4,2
927,3x^2+5x+3,ADD,319,3,4,2
928,3x^2+6x+4,ADD,320,4,4,2
929,3x^2+7x+5,ADD,321,5,4,2
930,3x^2+8x+6,ADD,322,6,4,2
931,3x^2+9x+7,ADD,323,7,4,2
932,3x^2+11x+9,ADD,324,20,5,2
933,3x^2+12x+10,ADD,594,10,4,2
934,4x^2+5x+2,ADD,369,2,4,2
935,4x^2+6x+3,ADD,376,3,4,2
936,4x^2+7x+4,ADD,383,4,4,2
937,4x^2+8x+5,ADD,352,5,4,2
938,4x^2+9x+6,ADD,396,6,4,2
939,4x^2+10x+7,ADD,403,7,4,2
940,4x^2+11x+8,ADD,403,19,5,2
941,12x^2+11x,ADD,432,0,5,2
942,5x^2+5x+1,ADD,338,1,4,2
943,6x^2+6x+1,ADD,339,1,4,2
944,7x^2+7x+1,ADD,340,1,4,2
945,8x^2+8x+1,ADD,341,1,4,2
946,9x^2+9x+1,ADD,342,1,4,2
947,10x^2+10x+1,ADD,343,1,4,2
948,11x^2+11x+1,ADD,498,1,5,2
949,5x^2+8x+4,ADD,390,4,4,2
950,6x^2+10x+5,ADD,404,5,4,2
951,7x^2+12x+6,ADD,534,1,5,2
952,8x^2+14x+7,ADD,465,7,5,2
953,5x^2+6x+2,ADD,377,2,4,2
954,7x^2+8x+2,ADD,392,2,4,2
955,8x^2+9x+2,ADD,400,2,4,2
956,9x^2+10x+2,ADD,407,2,4,2
957,10x^2+11x+2,ADD,343,13,5,2
958,11x^2+12x+2,ADD,285,517,6,2
959,5x^2+12x+8,ADD,542,1,5,2
960,5x^2+7x+3,ADD,384,3,4,2
961,6x^2+8x+3,ADD,391,3,4,2
962,7x^2+9x+3,ADD,399,3,4,2
963,9x^2+11x+3,ADD,407,14,5,2
964,10x^2+12x+3,ADD,464,3,5,2
965,6x^2+9x+4,ADD,398,4,4,2
966,7x^2+10x+4,ADD,405,4,4,2
967,8x^2+11x+4,ADD,406,15,5,2
968,5x^2+9x+5,ADD,397,5,4,2
969,7x^2+11x+5,ADD,405,16,5,2
970,8x^2+12x+5,ADD,463,5,5,2
971,9x^2+13x+5,ADD,531,1,5,2
972,5x^2+10x+6,ADD,353,6,4,2
973,6x^2+11x+6,ADD,404,17,5,2
974,8x^2+13x+6,ADD,535,1,5,2
975,9x^2+14x+6,ADD,536,1,5,2
976,5x^2+11x+7,ADD,353,18,5,2
977,6x^2+12x+7,ADD,457,7,4,2
978,7x^2+13x+7,ADD,539,1,5,2
979,6x^2+13x+8,ADD,457,19,5,2
980,7x^2+14x+8,ADD,556,8,4,2
981,5x^2+13x+9,ADD,545,1,5,2
982,6x^2+14x+9,ADD,458,9,5,2
983,5x^2+14x+10,ADD,549,1,5,2
984,2x^2+4x+4,ADD,308,4,4,2
985,2x^2+5x+6,ADD,309,6,4,2
986,2x^2+6x+8,ADD,310,8,4,2
987,2x^2+7x+10,ADD,311,10,4,2
988,3x^2+7x+6,ADD,321,6,4,2
989,3x^2+8x+8,ADD,322,8,4,2
990,3x^2+9x+10,ADD,323,10,4,2
991,4x^2+7x+2,ADD,383,2,4,2
992,4x^2+10x+8,ADD,403,8,4,2
993,4x^2+11x+10,ADD,403,21,5,2
994,5x^2+9x+2,ADD,397,2,4,2
995,6x^2+11x+2,ADD,404,13,5,2
996,7x^2+13x+2,ADD,285,567,6,2
997,8x^2+15x+2,ADD,285,568,6,2
998,5x^2+10x+4,ADD,353,4,4,2
999,6x^2+12x+4,ADD,457,4,4,2
1000,7x^2+14x+4,ADD,556,4,4,2
1001,8x^2+16x+4,ADD,462,4,4,2
1002,7x^2+15x+6,ADD,556,17,5,2
1003,5x^2+13x+10,ADD,545,2,5,2
1004,2x^2+6x+9,ADD,310,9,4,2
1005,3x^2+7x+3,ADD,321,3,4,2
1006,3x^2+9x+9,ADD,323,9,4,2
1007,4x^2+10x+3,ADD,403,3,4,2
1008,5x^2+13x+3,ADD,285,588,6,2
1009,6x^2+16x+3,ADD,459,3,5,2
1010,7x^2+19x+3,ADD,285,590,6,2
1011,5x^2+14x+6,ADD,575,0,5,2
1012,6x^2+17x+6,ADD,285,592,6,2
1013,5x^2+15x+9,ADD,582,9,4,2
1014,3x^2+9x+4,ADD,323,4,4,2
1015,4x^2+13x+4,ADD,452,15,5,2
1016,4x^2+14x+8,ADD,453,8,5,2
1017,5x^2+17x+4,ADD,285,599,6,2
1018,4x^2+15x,ADD,285,602,5,2
1019,3x^2+11x+5,ADD,324,16,5,2
1020,4x^2+16x+5,ADD,454,5,4,2
1021,5x^2+24x,ADD,285,609,5,2
1022,3x^2+13x+6,ADD,594,17,5,2
1023,4x^2+19x+6,ADD,285,611,6,2
1024,4x^2+21x,ADD,456,0,4,2
1025,3x^2+15x+7,ADD,602,7,4,2
1026,3x^2+17x+8,ADD,285,615,6,2
1027,7x^2+15x,ADD,556,0,4,2
1028,5x^2+4x+1,ADD,362,1,4,2
1029,5x^2+12x+5,ADD,571,1,5,2
1030,5x^2+16x+7,ADD,582,18,5,2
1031,7x^2+5x+1,ADD,371,1,4,2
1032,7x^2+7x+2,ADD,340,2,4,2
1033,7x^2+13x+5,ADD,534,0,5,2
1034,11x^2+7x+1,ADD,389,1,5,2
1035,13x^2+8x+1,ADD,429,1,6,2
1036,9x^2+8x+2,ADD,393,2,4,2
1037,11x^2+9x+2,ADD,402,2,5,2
1038,9x^2+10x+3,ADD,407,3,4,2
1039,11x^2+11x+3,ADD,498,3,5,2
1040,5x^2+12x+9,ADD,542,2,5,2
1041,7x^2+11x+3,ADD,405,14,5,2
1042,9x^2+14x+3,ADD,303,195,6,2
1043,7x^2+17x+5,ADD,340,101,6,2
1044,10x^2+6x+1,ADD,381,1,4,2
1045,13x^2+7x+1,ADD,427,1,6,2
1046,10x^2+12x+4,ADD,464,4,5,2
1047,2x^2+1,ADD,286,1,3,2
1048,2x^2+2,ADD,286,2,3,2
1049,2x^2+3,ADD,286,3,3,2
1050,2x^2+4,ADD,286,4,3,2
1051,2x^2+5,ADD,286,5,3,2
1052,2x^2+6,ADD,286,6,3,2
1053,2x^2+7,ADD,286,7,3,2
1054,2x^2+8,ADD,286,8,3,2
1055,2x^2+9,ADD,286,9,3,2
1056,2x^2+10,ADD,286,10,3,2
1057,2x^2+x+1,ADD,286,12,4,2
1058,2x^2+x+2,ADD,286,13,4,2
1059,2x^2+x+3,ADD,286,14,4,2
1060,2x^2+x+4,ADD,286,15,4,2
1061,2x^2+x+5,ADD,286,16,4,2
1062,2x^2+x+6,ADD,286,17,4,2
1063,2x^2+x+7,ADD,286,18,4,2
1064,2x^2+x+8,ADD,286,19,4,2
1065,2x^2+x+9,ADD,286,20,4,2
1066,2x^2+x+10,ADD,286,21,4,2
1067,2x^2+2x+2,ADD,306,2,4,2
1068,2x^2+2x+3,ADD,306,3,4,2
1069,2x^2+2x+4,ADD,306,4,4,2
1070,2x^2+2x+5,ADD,306,5,4,2
1071,2x^2+2x+6,ADD,306,6,4,2
1072,2x^2+2x+7,ADD,306,7,4,2
1073,2x^2+2x+8,ADD,306,8,4,2
1074,2x^2+2x+9,ADD,306,9,4,2
1075,2x^2+2x+10,ADD,306,10,4,2
1076,2x^2+3x+3,ADD,307,3,4,2
1077,2x^2+3x+4,ADD,307,4,4,2
1078,2x^2+3x+5,ADD,307,5,4,2
1079,2x^2+3x+6,ADD,307,6,4,2
1080,2x^2+3x+7,ADD,307,7,4,2
1081,2x^2+3x+8,ADD,307,8,4,2
1082,2x^2+3x+9,ADD,307,9,4,2
1083,2x^2+3x+10,ADD,307,10,4,2
1084,2x^2+11x,ADD,314,0,4,2
1085,2x^2+4x+1,ADD,308,1,4,2
1086,2x^2+5x+1,ADD,309,1,4,2
1087,2x^2+6x+1,ADD,310,1,4,2
1088,2x^2+7x+1,ADD,311,1,4,2
1089,2x^2+8x+1,ADD,312,1,4,2
1090,2x^2+9x+1,ADD,313,1,4,2
1091,2x^2+10x+1,ADD,314,1,4,2
1092,2x^2+11x+1,ADD,314,12,5,2
1093,2x^2+5x+5,ADD,309,5,4,2
1094,2x^2+6x+6,ADD,310,6,4,2
1095,2x^2+7x+7,ADD,311,7,4,2
1096,2x^2+10x+10,ADD,314,10,4,2
1097,2x^2+6x+2,ADD,310,2,4,2
1098,2x^2+7x+2,ADD,311,2,4,2
1099,2x^2+8x+2,ADD,312,2,4,2
1100,2x^2+9x+2,ADD,313,2,4,2
1101,2x^2+10x+2,ADD,314,2,4,2
1102,2x^2+11x+2,ADD,314,13,5,2
1103,2x^2+4x+8,ADD,308,8,4,2
1104,2x^2+5x+10,ADD,309,10,4,2
1105,2x^2+6x+3,ADD,310,3,4,2
1106,2x^2+8x+3,ADD,312,3,4,2
1107,2x^2+9x+3,ADD,313,3,4,2
1108,2x^2+10x+3,ADD,314,3,4,2
1109,2x^2+11x+3,ADD,314,14,5,2
1110,2x^2+7x+4,ADD,311,4,4,2
1111,2x^2+8x+4,ADD,312,4,4,2
1112,2x^2+10x+4,ADD,314,4,4,2
1113,2x^2+11x+4,ADD,314,15,5,2
1114,2x^2+4x+5,ADD,308,5,4,2
1115,2x^2+8x+5,ADD,312,5,4,2
1116,2x^2+9x+5,ADD,313,5,4,2
1117,2x^2+10x+5,ADD,314,5,4,2
1118,2x^2+4x+6,ADD,308,6,4,2
1119,2x^2+9x+6,ADD,313,6,4,2
1120,2x^2+10x+6,ADD,314,6,4,2
1121,2x^2+11x+6,ADD,314,17,5,2
1122,2x^2+4x+7,ADD,308,7,4,2
1123,2x^2+5x+7,ADD,309,7,4,2
1124,2x^2+6x+7,ADD,310,7,4,2
1125,2x^2+10x+7,ADD,314,7,4,2
1126,2x^2+11x+7,ADD,314,18,5,2
1127,2x^2+5x+8,ADD,309,8,4,2
1128,2x^2+7x+8,ADD,311,8,4,2
1129,2x^2+11x+8,ADD,314,19,5,2
1130,2x^2+4x+9,ADD,308,9,4,2
1131,2x^2+5x+9,ADD,309,9,4,2
1132,2x^2+7x+9,ADD,311,9,4,2
1133,2x^2+8x+9,ADD,312,9,4,2
1134,2x^2+4x+10,ADD,308,10,4,2
1135,2x^2+6x+10,ADD,310,10,4,2
1136,2x^2+8x+10,ADD,312,10,4,2
1137,2x^2+13x,ADD,447,0,4,2
1138,2x^2+15x,ADD,448,0,4,2
1139,2x^2+21x,ADD,451,0,4,2
1140,2x^2+24x,ADD,286,139,5,2
1141,2x^2+27x,ADD,286,140,5,2
1142,2x^2+28x,ADD,286,142,5,2
1143,2x^2+25x,ADD,286,143,5,2
1144,2x^2+17x,ADD,449,0,4,2
1145,2x^2+19x,ADD,450,0,4,2
1146,2x^2+12x+1,ADD,447,1,4,2
1147,2x^2+13x+1,ADD,447,12,5,2
1148,2x^2+14x+1,ADD,448,1,4,2
1149,2x^2+16x+1,ADD,449,1,4,2
1150,2x^2+18x+1,ADD,450,1,4,2
1151,2x^2+20x+1,ADD,451,1,4,2
1152,2x^2+22x+1,ADD,1253,1,5,2
1153,2x^2+12x+2,ADD,447,2,4,2
1154,2x^2+13x+2,ADD,447,13,5,2
1155,2x^2+12x+3,ADD,447,3,4,2
1156,2x^2+13x+3,ADD,447,14,5,2
1157,2x^2+12x+4,ADD,447,4,4,2
1158,2x^2+13x+4,ADD,447,15,5,2
1159,2x^2+12x+5,ADD,447,5,4,2
1160,2x^2+13x+5,ADD,447,16,5,2
1161,2x^2+12x+6,ADD,447,6,4,2
1162,2x^2+12x+7,ADD,447,7,4,2
1163,2x^2+13x+7,ADD,447,18,5,2
1164,2x^2+12x+8,ADD,447,8,4,2
1165,2x^2+13x+8,ADD,447,19,5,2
1166,2x^2+12x+9,ADD,447,9,4,2
1167,2x^2+13x+9,ADD,447,20,5,2
1168,2x^2+13x+10,ADD,447,21,5,2
1169,2x^2+15x+1,ADD,448,12,5,2
1170,2x^2+17x+1,ADD,449,12,5,2
1171,2x^2+23x+1,ADD,448,61,6,2
1172,2x^2+26x+1,ADD,449,62,6,2
1173,2x^2+27x+1,ADD,286,176,6,2
1174,2x^2+19x+1,ADD,450,12,5,2
1175,2x^2+21x+1,ADD,451,12,5,2
1176,2x^2+14x+7,ADD,448,7,4,2
1177,2x^2+16x+8,ADD,449,8,4,2
1178,2x^2+18x+9,ADD,450,9,4,2
1179,2x^2+14x+2,ADD,448,2,4,2
1180,2x^2+16x+2,ADD,449,2,4,2
1181,2x^2+18x+2,ADD,450,2,4,2
1182,2x^2+20x+2,ADD,451,2,4,2
1183,2x^2+22x+2,MULT,704,2,5,2
1184,2x^2+15x+2,ADD,448,13,5,2
1185,2x^2+17x+2,ADD,449,13,5,2
1186,2x^2+23x+2,ADD,448,76,6,2
1187,2x^2+26x+2,ADD,449,77,6,2
1188,2x^2+19x+2,ADD,450,13,5,2
1189,2x^2+21x+2,ADD,451,13,5,2
1190,2x^2+14x+3,ADD,448,3,4,2
1191,2x^2+16x+3,ADD,449,3,4,2
1192,2x^2+18x+3,ADD,450,3,4,2
1193,2x^2+20x+3,ADD,451,3,4,2
1194,2x^2+22x+3,ADD,1253,3,5,2
1195,2x^2+15x+3,ADD,448,14,5,2
1196,2x^2+17x+3,ADD,449,14,5,2
1197,2x^2+23x+3,ADD,448,86,6,2
1198,2x^2+19x+3,ADD,450,14,5,2
1199,2x^2+21x+3,ADD,451,14,5,2
1200,2x^2+14x+4,ADD,448,4,4,2
1201,2x^2+16x+4,ADD,449,4,4,2
1202,2x^2+18x+4,ADD,450,4,4,2
1203,2x^2+20x+4,ADD,451,4,4,2
1204,2x^2+22x+4,MULT,718,2,5,2
1205,2x^2+15x+4,ADD,448,15,5,2
1206,2x^2+17x+4,ADD,449,15,5,2
1207,2x^2+23x+4,ADD,448,93,6,2
1208,2x^2+19x+4,ADD,450,15,5,2
1209,2x^2+21x+4,ADD,451,15,5,2
1210,2x^2+14x+5,ADD,448,5,4,2
1211,2x^2+16x+5,ADD,449,5,4,2
1212,2x^2+18x+5,ADD,450,5,4,2
1213,2x^2+20x+5,ADD,451,5,4,2
1214,2x^2+22x+5,ADD,1253,5,5,2
1215,2x^2+15x+5,ADD,448,16,5,2
1216,2x^2+17x+5,ADD,449,16,5,2
1217,2x^2+23x+5,ADD,448,100,6,2
1218,2x^2+19x+5,ADD,450,16,5,2
1219,2x^2+21x+5,ADD,451,16,5,2
1220,2x^2+14x+6,ADD,448,6,4,2
1221,2x^2+16x+6,ADD,449,6,4,2
1222,2x^2+18x+6,ADD,450,6,4,2
1223,2x^2+20x+6,ADD,451,6,4,2
1224,2x^2+22x+6,MULT,727,2,5,2
1225,2x^2+15x+6,ADD,448,17,5,2
1226,2x^2+17x+6,ADD,449,17,5,2
1227,2x^2+19x+6,ADD,450,17,5,2
1228,2x^2+21x+6,ADD,451,17,5,2
1229,2x^2+16x+7,ADD,449,7,4,2
1230,2x^2+18x+7,ADD,450,7,4,2
1231,2x^2+20x+7,ADD,451,7,4,2
1232,2x^2+17x+7,ADD,449,18,5,2
1233,2x^2+19x+7,ADD,450,18,5,2
1234,2x^2+21x+7,ADD,451,18,5,2
1235,2x^2+14x+8,ADD,448,8,4,2
1236,2x^2+18x+8,ADD,450,8,4,2
1237,2x^2+20x+8,ADD,451,8,4,2
1238,2x^2+15x+8,ADD,448,19,5,2
1239,2x^2+19x+8,ADD,450,19,5,2
1240,2x^2+14x+9,ADD,448,9,4,2
1241,2x^2+16x+9,ADD,449,9,4,2
1242,2x^2+15x+9,ADD,448,20,5,2
1243,2x^2+17x+9,ADD,449,20,5,2
1244,2x^2+14x+10,ADD,448,10,4,2
1245,2x^2+16x+10,ADD,449,10,4,2
1246,2x^2+18x+10,ADD,450,10,4,2
1247,2x^2+15x+10,ADD,448,21,5,2
1248,2x^2+17x+10,ADD,449,21,5,2
1249,2x^2+24x+1,ADD,286,268,6,2
1250,2x^2+24x+2,ADD,286,270,6,2
1251,2x^2+24x+3,ADD,286,272,6,2
1252,2x^2+24x+4,ADD,286,273,6,2
1253,2x^2+22x,MULT,691,2,4,2
1254,2x^2+23x,ADD,448,28,5,2
1255,2x^2+26x,ADD,449,29,5,2
1256,2x^2+25x+1,ADD,286,280,6,2
1257,2x^2+25x+2,ADD,286,281,6,2
1258,2x^2+25x+3,ADD,286,282,6,2
1259,3x^2+2x+1,ADD,316,1,4,2
1260,3x^2+3x+2,ADD,317,2,4,2
1261,3x^2+4x+3,ADD,318,3,4,2
1262,3x^2+5x+4,ADD,319,4,4,2
1263,3x^2+6x+5,ADD,320,5,4,2
1264,3x^2+8x+7,ADD,322,7,4,2
1265,3x^2+9x+8,ADD,323,8,4,2
1266,3x^2+10x+9,ADD,324,9,4,2
1267,4x^2+3x+1,ADD,354,1,4,2
1268,4x^2+4x+2,ADD,337,2,4,2
1269,4x^2+5x+3,ADD,369,3,4,2
1270,4x^2+6x+4,ADD,376,4,4,2
1271,4x^2+7x+5,ADD,383,5,4,2
1272,4x^2+8x+6,ADD,352,6,4,2
1273,4x^2+9x+7,ADD,396,7,4,2
1274,4x^2+11x+9,ADD,403,20,5,2
1275,4x^2+12x+10,ADD,452,10,4,2
1276,5x^2+5x+2,ADD,338,2,4,2
1277,5x^2+6x+3,ADD,377,3,4,2
1278,5x^2+7x+4,ADD,384,4,4,2
1279,5x^2+8x+5,ADD,390,5,4,2
1280,5x^2+9x+6,ADD,397,6,4,2
1281,5x^2+10x+7,ADD,353,7,4,2
1282,5x^2+11x+8,ADD,353,19,5,2
1283,7x^2+6x+1,ADD,378,1,4,2
1284,8x^2+7x+1,ADD,386,1,4,2
1285,9x^2+8x+1,ADD,393,1,4,2
1286,10x^2+9x+1,ADD,401,1,4,2
1287,11x^2+10x+1,ADD,408,1,5,2
1288,6x^2+8x+4,ADD,391,4,4,2
1289,7x^2+10x+5,ADD,405,5,4,2
1290,8x^2+12x+6,ADD,463,6,5,2
1291,6x^2+6x+2,ADD,339,2,4,2
1292,10x^2+10x+2,ADD,343,2,4,2
1293,11x^2+11x+2,ADD,498,2,5,2
1294,6x^2+12x+8,ADD,457,8,4,2
1295,6x^2+7x+3,ADD,385,3,4,2
1296,7x^2+8x+3,ADD,392,3,4,2
1297,8x^2+9x+3,ADD,400,3,4,2
1298,7x^2+9x+4,ADD,399,4,4,2
1299,8x^2+10x+4,ADD,406,4,4,2
1300,9x^2+11x+4,ADD,407,15,5,2
1301,6x^2+9x+5,ADD,398,5,4,2
1302,8x^2+11x+5,ADD,406,16,5,2
1303,9x^2+12x+5,ADD,525,2,5,2
1304,6x^2+10x+6,ADD,404,6,4,2
1305,7x^2+11x+6,ADD,405,17,5,2
1306,9x^2+13x+6,ADD,531,2,5,2
1307,6x^2+11x+7,ADD,404,18,5,2
1308,7x^2+12x+7,ADD,534,2,5,2
1309,8x^2+13x+7,ADD,535,2,5,2
1310,7x^2+13x+8,ADD,539,2,5,2
1311,8x^2+14x+8,ADD,465,8,5,2
1312,6x^2+13x+9,ADD,457,20,5,2
1313,7x^2+14x+9,ADD,556,9,4,2
1314,6x^2+14x+10,ADD,458,10,5,2
1315,3x^2+4x+4,ADD,318,4,4,2
1316,3x^2+5x+6,ADD,319,6,4,2
1317,3x^2+6x+8,ADD,320,8,4,2
1318,3x^2+7x+10,ADD,321,10,4,2
1319,4x^2+7x+6,ADD,383,6,4,2
1320,4x^2+8x+8,ADD,352,8,4,2
1321,4x^2+9x+10,ADD,396,10,4,2
1322,5x^2+10x+8,ADD,353,8,4,2
1323,5x^2+11x+10,ADD,353,21,5,2
1324,6x^2+9x+2,ADD,398,2,4,2
1325,7x^2+11x+2,ADD,405,13,5,2
1326,8x^2+13x+2,ADD,341,72,6,2
1327,9x^2+15x+2,ADD,621,2,5,2
1328,7x^2+12x+4,ADD,529,0,5,2
1329,8x^2+14x+4,ADD,465,4,5,2
1330,8x^2+15x+6,ADD,540,0,5,2
1331,6x^2+13x+10,ADD,457,21,5,2
1332,3x^2+6x+9,ADD,320,9,4,2
1333,4x^2+9x+9,ADD,396,9,4,2
1334,5x^2+10x+3,ADD,353,3,4,2
1335,6x^2+13x+3,ADD,457,14,5,2
1336,7x^2+16x+3,ADD,301,196,6,2
1337,6x^2+14x+6,ADD,458,6,5,2
1338,4x^2+9x+4,ADD,396,4,4,2
1339,5x^2+13x+4,ADD,571,0,5,2
1340,6x^2+17x+4,ADD,385,94,6,2
1341,4x^2+11x+5,ADD,403,16,5,2
1342,5x^2+16x+5,ADD,582,16,5,2
1343,4x^2+13x+6,ADD,452,17,5,2
1344,5x^2+19x+6,ADD,353,107,6,2
1345,5x^2+21x,ADD,595,0,4,2
1346,4x^2+15x+7,ADD,298,242,6,2
1347,4x^2+17x+8,ADD,454,19,5,2
1348,8x^2+15x,ADD,302,137,5,2
1349,6x^2+4x+1,ADD,363,1,4,2
1350,6x^2+12x+5,ADD,457,5,4,2
1351,6x^2+16x+7,ADD,459,7,5,2
1352,8x^2+5x+1,ADD,372,1,4,2
1353,8x^2+7x+2,ADD,386,2,4,2
1354,10x^2+8x+2,ADD,394,2,4,2
1355,12x^2+9x+2,ADD,430,2,5,2
1356,10x^2+10x+3,ADD,343,3,4,2
1357,6x^2+12x+9,ADD,457,9,4,2
1358,11x^2+6x+1,ADD,382,1,5,2
1359,3x^2+11x,ADD,324,0,4,2
1360,4x^2+11x,ADD,403,0,4,2
1361,6x^2+11x,ADD,404,0,4,2
1362,5x^2+11x,ADD,353,0,4,2
1363,7x^2+11x,ADD,405,0,4,2
1364,8x^2+11x,ADD,406,0,4,2
1365,9x^2+11x,ADD,407,0,4,2
1366,10x^2+11x,ADD,343,0,4,2
1367,3x^2+13x,ADD,594,0,4,2
1368,3x^2+17x,ADD,321,29,5,2
1369,3x^2+19x,ADD,608,0,4,2
1370,5x^2+13x,ADD,338,27,5,2
1371,5x^2+17x,ADD,353,26,5,2
1372,5x^2+19x,ADD,353,28,5,2
1373,7x^2+13x,ADD,340,25,5,2
1374,7x^2+17x,ADD,340,29,5,2
1375,7x^2+19x,ADD,399,29,5,2
1376,9x^2+17x,ADD,342,27,5,2
1377,9x^2+13x,ADD,342,23,5,2
1378,11x^2+13x,ADD,289,343,6,2
1379,3x^2+6x+2,ADD,320,2,4,2
1380,3x^2+10x+10,ADD,324,10,4,2
1381,4x^2+8x+2,ADD,352,2,4,2
1382,5x^2+10x+2,ADD,353,2,4,2
1383,6x^2+12x+2,ADD,457,2,4,2
1384,7x^2+14x+2,ADD,556,2,4,2
1385,8x^2+16x+2,ADD,462,2,4,2
1386,5x^2+11x+4,ADD,353,15,5,2
1387,6x^2+13x+4,ADD,457,15,5,2
1388,7x^2+15x+4,ADD,556,15,5,2
1389,8x^2+17x+4,ADD,462,15,5,2
1390,5x^2+12x+6,ADD,538,0,5,2
1391,7x^2+16x+6,ADD,573,2,5,2
1392,6x^2+15x+8,ADD,546,0,5,2
1393,3x^2+8x+3,ADD,322,3,4,2
1394,4x^2+11x+3,ADD,403,14,5,2
1395,4x^2+12x+6,ADD,452,6,4,2
1396,5x^2+14x+3,ADD,299,195,6,2
1397,6x^2+17x+3,ADD,385,87,6,2
1398,5x^2+15x+6,ADD,582,6,4,2
1399,6x^2+18x+6,ADD,460,6,4,2
1400,5x^2+16x+9,ADD,582,20,5,2
1401,4x^2+13x,ADD,452,0,4,2
1402,3x^2+10x+4,ADD,324,4,4,2
1403,4x^2+14x+4,ADD,453,4,5,2
1404,4x^2+15x+8,ADD,298,251,6,2
1405,5x^2+18x+4,ADD,299,209,6,2
1406,3x^2+12x+5,ADD,594,5,4,2
1407,4x^2+17x+5,ADD,454,16,5,2
1408,4x^2+19x,ADD,396,29,5,2
1409,3x^2+14x+6,ADD,297,228,6,2
1410,4x^2+20x+6,ADD,456,6,4,2
1411,4x^2+22x,ADD,452,29,5,2
1412,3x^2+16x+7,ADD,602,18,5,2
1413,4x^2+25x,ADD,609,0,4,2
1414,3x^2+18x+8,ADD,608,8,4,2
1415,10x^2+13x,ADD,343,22,5,2
1416,5x^2+9x+3,ADD,397,3,4,2
1417,5x^2+13x+5,ADD,338,99,6,2
1418,5x^2+17x+7,ADD,592,1,5,2
1419,7x^2+14x+5,ADD,556,5,4,2
1420,9x^2+7x+1,ADD,387,1,4,2
1421,11x^2+8x+1,ADD,395,1,5,2
1422,11x^2+10x+2,ADD,408,2,5,2
1423,7x^2+12x+3,ADD,301,155,6,2
1424,7x^2+14x+6,ADD,556,6,4,2
1425,9x^2+15x+3,ADD,621,3,5,2
1426,7x^2+18x+5,ADD,301,220,6,2
1427,3x^2+22x,ADD,612,0,4,2
1428,5x^2+22x,ADD,582,26,5,2
1429,3x^2+5x+1,ADD,319,1,4,2
1430,3x^2+9x+5,ADD,323,5,4,2
1431,3x^2+10x+6,ADD,324,6,4,2
1432,3x^2+11x+7,ADD,324,18,5,2
1433,3x^2+12x+8,ADD,594,8,4,2
1434,3x^2+13x+9,ADD,496,0,5,2
1435,3x^2+14x+10,ADD,497,0,5,2
1436,4x^2+6x+1,ADD,376,1,4,2
1437,4x^2+10x+5,ADD,403,5,4,2
1438,4x^2+12x+7,ADD,452,7,4,2
1439,4x^2+13x+8,ADD,452,19,5,2
1440,4x^2+14x+9,ADD,453,9,5,2
1441,4x^2+15x+10,ADD,551,0,5,2
1442,5x^2+7x+1,ADD,384,1,4,2
1443,6x^2+8x+1,ADD,391,1,4,2
1444,7x^2+9x+1,ADD,399,1,4,2
1445,8x^2+10x+1,ADD,406,1,4,2
1446,9x^2+11x+1,ADD,407,12,5,2
1447,10x^2+12x+1,ADD,464,1,5,2
1448,5x^2+8x+2,ADD,390,2,4,2
1449,7x^2+10x+2,ADD,405,2,4,2
1450,8x^2+11x+2,ADD,406,13,5,2
1451,9x^2+12x+2,ADD,516,0,5,2
1452,10x^2+13x+2,ADD,517,0,5,2
1453,6x^2+10x+3,ADD,404,3,4,2
1454,8x^2+12x+3,ADD,463,3,5,2
1455,9x^2+13x+3,ADD,525,0,5,2
1456,8x^2+13x+4,ADD,530,0,5,2
1457,9x^2+14x+4,ADD,531,0,5,2
1458,5x^2+11x+5,ADD,353,16,5,2
1459,5x^2+13x+7,ADD,542,0,5,2
1460,6x^2+14x+7,ADD,458,7,5,2
1461,7x^2+15x+7,ADD,510,0,5,2
1462,6x^2+17x,ADD,385,29,5,2
1463,3x^2+9x+3,ADD,323,3,4,2
1464,4x^2+12x+3,ADD,452,3,4,2
1465,5x^2+15x+3,ADD,582,3,4,2
1466,6x^2+18x+3,ADD,460,3,4,2
1467,5x^2+16x+6,ADD,582,17,5,2
1468,6x^2+22x,ADD,457,29,5,2
1469,3x^2+11x+4,ADD,324,15,5,2
1470,4x^2+15x+4,ADD,298,212,6,2
1471,4x^2+16x+8,ADD,454,8,4,2
1472,5x^2+19x+4,ADD,353,93,6,2
1473,4x^2+17x,ADD,454,0,4,2
1474,3x^2+13x+5,ADD,594,16,5,2
1475,4x^2+18x+5,ADD,455,5,5,2
1476,3x^2+15x+6,ADD,602,6,4,2
1477,4x^2+23x,ADD,454,26,5,2
1478,3x^2+17x+7,ADD,321,115,6,2
1479,4x^2+26x,ADD,454,29,5,2
1480,3x^2+19x+8,ADD,608,19,5,2
1481,5x^2+14x+5,ADD,299,218,6,2
1482,5x^2+18x+7,ADD,299,239,6,2
1483,7x^2+13x+4,ADD,340,90,6,2
1484,7x^2+15x+5,ADD,556,16,5,2
1485,11x^2+9x+1,ADD,402,1,5,2
1486,7x^2+13x+3,ADD,340,83,6,2
1487,10x^2+8x+1,ADD,394,1,4,2
1488,6x^2+13x,ADD,457,0,4,2
1489,8x^2+13x,ADD,341,24,5,2
1490,3x^2+23x,ADD,602,27,5,2
1491,5x^2+23x,ADD,582,27,5,2
1492,3x^2+6x+1,ADD,320,1,4,2
1493,3x^2+10x+5,ADD,324,5,4,2
1494,3x^2+12x+7,ADD,594,7,4,2
1495,3x^2+13x+8,ADD,594,19,5,2
1496,3x^2+14x+9,ADD,598,1,5,2
1497,3x^2+15x+10,ADD,602,10,4,2
1498,4x^2+7x+1,ADD,383,1,4,2
1499,4x^2+9x+3,ADD,396,3,4,2
1500,4x^2+13x+7,ADD,452,18,5,2
1501,4x^2+16x+10,ADD,454,10,4,2
1502,5x^2+8x+1,ADD,390,1,4,2
1503,6x^2+9x+1,ADD,398,1,4,2
1504,7x^2+10x+1,ADD,405,1,4,2
1505,8x^2+11x+1,ADD,406,12,5,2
1506,9x^2+12x+1,ADD,620,1,5,2
1507,10x^2+13x+1,ADD,343,40,6,2
1508,6x^2+10x+2,ADD,404,2,4,2
1509,8x^2+12x+2,ADD,463,2,5,2
1510,9x^2+13x+2,ADD,342,71,6,2
1511,10x^2+14x+2,ADD,466,2,5,2
1512,5x^2+15x+8,ADD,582,8,4,2
1513,8x^2+13x+3,ADD,341,82,6,2
1514,8x^2+15x+5,ADD,302,223,6,2
1515,5x^2+14x+7,ADD,299,179,6,2
1516,6x^2+15x+7,ADD,576,1,5,2
1517,7x^2+16x+7,ADD,573,3,5,2
1518,8x^2+17x,ADD,462,0,4,2
1519,3x^2+8x+2,ADD,322,2,4,2
1520,4x^2+10x+2,ADD,403,2,4,2
1521,4x^2+11x+4,ADD,403,15,5,2
1522,5x^2+12x+2,ADD,566,0,5,2
1523,6x^2+14x+2,ADD,458,2,5,2
1524,7x^2+16x+2,ADD,568,0,5,2
1525,8x^2+18x+2,ADD,467,2,5,2
1526,6x^2+15x+4,ADD,572,0,5,2
1527,7x^2+17x+4,ADD,573,0,5,2
1528,6x^2+16x+6,ADD,459,6,5,2
1529,6x^2+23x,ADD,460,24,5,2
1530,3x^2+12x+4,ADD,594,4,4,2
1531,4x^2+16x+4,ADD,454,4,4,2
1532,5x^2+20x+4,ADD,595,4,4,2
1533,3x^2+14x+5,ADD,297,218,6,2
1534,4x^2+19x+5,ADD,396,101,6,2
1535,3x^2+16x+6,ADD,602,17,5,2
1536,3x^2+18x+7,ADD,608,7,4,2
1537,5x^2+11x+3,ADD,353,14,5,2
1538,5x^2+15x+5,ADD,582,5,4,2
1539,7x^2+16x+5,ADD,573,1,5,2
1540,7x^2+14x+3,ADD,556,3,4,2
1541,3x^2+7x+1,ADD,321,1,4,2
1542,3x^2+12x+6,ADD,594,6,4,2
1543,3x^2+13x+7,ADD,594,18,5,2
1544,3x^2+15x+9,ADD,602,9,4,2
1545,3x^2+16x+10,ADD,602,21,5,2
1546,4x^2+8x+1,ADD,352,1,4,2
1547,4x^2+14x+7,ADD,453,7,5,2
1548,4x^2+16x+9,ADD,454,9,4,2
1549,5x^2+9x+1,ADD,397,1,4,2
1550,6x^2+10x+1,ADD,404,1,4,2
1551,7x^2+11x+1,ADD,405,12,5,2
1552,8x^2+12x+1,ADD,463,1,5,2
1553,9x^2+13x+1,ADD,342,56,6,2
1554,10x^2+14x+1,ADD,466,1,5,2
1555,6x^2+14x+5,ADD,458,5,5,2
1556,7x^2+12x+2,ADD,301,153,6,2
1557,9x^2+14x+2,ADD,303,183,6,2
1558,5x^2+16x+8,ADD,582,19,5,2
1559,6x^2+12x+3,ADD,457,3,4,2
1560,8x^2+15x+4,ADD,302,212,6,2
1561,8x^2+16x+5,ADD,462,5,4,2
1562,5x^2+15x+7,ADD,582,7,4,2
1563,3x^2+9x+2,ADD,323,2,4,2
1564,4x^2+11x+2,ADD,403,13,5,2
1565,4x^2+12x+4,ADD,452,4,4,2
1566,5x^2+13x+2,ADD,338,75,6,2
1567,6x^2+15x+2,ADD,618,2,5,2
1568,7x^2+17x+2,ADD,340,77,6,2
1569,5x^2+14x+4,ADD,299,207,6,2
1570,6x^2+16x+4,ADD,459,4,5,2
1571,7x^2+18x+4,ADD,301,209,6,2
1572,6x^2+19x,ADD,460,0,4,2
1573,3x^2+11x+3,ADD,324,14,5,2
1574,4x^2+14x+3,ADD,453,3,5,2
1575,4x^2+15x+6,ADD,591,0,5,2
1576,5x^2+17x+3,ADD,589,0,5,2
1577,6x^2+20x+3,ADD,461,3,5,2
1578,5x^2+18x+6,ADD,592,0,5,2
1579,3x^2+15x+5,ADD,602,5,4,2
1580,4x^2+20x+5,ADD,456,5,4,2
1581,3x^2+17x+6,ADD,321,108,6,2
1582,3x^2+19x+7,ADD,608,18,5,2
1583,5x^2+12x+3,ADD,299,155,6,2
1584,7x^2+15x+3,ADD,556,14,5,2
1585,3x^2+25x,ADD,614,0,4,2
1586,3x^2+8x+1,ADD,322,1,4,2
1587,3x^2+14x+7,ADD,297,179,6,2
1588,3x^2+15x+8,ADD,602,8,4,2
1589,3x^2+16x+9,ADD,602,20,5,2
1590,4x^2+9x+1,ADD,396,1,4,2
1591,4x^2+13x+5,ADD,452,16,5,2
1592,4x^2+17x+9,ADD,454,20,5,2
1593,5x^2+10x+1,ADD,353,1,4,2
1594,6x^2+11x+1,ADD,404,12,5,2
1595,7x^2+12x+1,ADD,301,146,6,2
1596,8x^2+13x+1,ADD,341,57,6,2
1597,9x^2+14x+1,ADD,303,148,6,2
1598,6x^2+15x+5,ADD,618,5,5,2
1599,8x^2+14x+2,ADD,465,2,5,2
1600,5x^2+17x+8,ADD,592,2,5,2
1601,8x^2+15x+3,ADD,302,200,6,2
1602,8x^2+19x,ADD,400,29,5,2
1603,3x^2+10x+2,ADD,324,2,4,2
1604,4x^2+12x+2,ADD,452,2,4,2
1605,5x^2+14x+2,ADD,299,183,6,2
1606,6x^2+16x+2,ADD,459,2,5,2
1607,7x^2+18x+2,ADD,301,185,6,2
1608,5x^2+15x+4,ADD,582,4,4,2
1609,7x^2+19x+4,ADD,399,94,6,2
1610,3x^2+12x+3,ADD,594,3,4,2
1611,4x^2+15x+3,ADD,298,200,6,2
1612,4x^2+16x+6,ADD,454,6,4,2
1613,5x^2+18x+3,ADD,299,197,6,2
1614,6x^2+21x+3,ADD,619,3,5,2
1615,3x^2+14x+4,ADD,597,0,5,2
1616,4x^2+18x+4,ADD,455,4,5,2
1617,3x^2+18x+6,ADD,608,6,4,2
1618,3x^2+20x+7,ADD,297,240,6,2
1619,5x^2+17x+5,ADD,353,98,6,2
1620,3x^2+26x,ADD,608,27,5,2
1621,3x^2+9x+1,ADD,323,1,4,2
1622,3x^2+16x+8,ADD,602,19,5,2
1623,3x^2+17x+9,ADD,321,128,6,2
1624,4x^2+10x+1,ADD,403,1,4,2
1625,4x^2+14x+5,ADD,453,5,5,2
1626,5x^2+11x+1,ADD,353,12,5,2
1627,6x^2+12x+1,ADD,457,1,4,2
1628,7x^2+13x+1,ADD,340,58,6,2
1629,8x^2+14x+1,ADD,465,1,5,2
1630,9x^2+15x+1,ADD,621,1,5,2
1631,6x^2+16x+5,ADD,459,5,5,2
1632,9x^2+16x+2,ADD,303,184,6,2
1633,6x^2+14x+3,ADD,458,3,5,2
1634,8x^2+16x+3,ADD,462,3,4,2
1635,3x^2+11x+2,ADD,324,13,5,2
1636,4x^2+13x+2,ADD,452,13,5,2
1637,5x^2+15x+2,ADD,582,2,4,2
1638,6x^2+17x+2,ADD,385,77,6,2
1639,7x^2+19x+2,ADD,399,77,6,2
1640,5x^2+16x+4,ADD,582,15,5,2
1641,6x^2+18x+4,ADD,460,4,4,2
1642,3x^2+13x+3,ADD,594,14,5,2
1643,4x^2+16x+3,ADD,454,3,4,2
1644,4x^2+17x+6,ADD,454,17,5,2
1645,5x^2+19x+3,ADD,353,86,6,2
1646,3x^2+15x+4,ADD,602,4,4,2
1647,4x^2+19x+4,ADD,396,94,6,2
1648,3x^2+17x+5,ADD,605,0,5,2
1649,5x^2+18x+5,ADD,299,220,6,2
1650,7x^2+17x+3,ADD,340,87,6,2
1651,3x^2+10x+1,ADD,324,1,4,2
1652,3x^2+18x+9,ADD,608,9,4,2
1653,4x^2+11x+1,ADD,403,12,5,2
1654,4x^2+15x+5,ADD,298,223,6,2
1655,4x^2+17x+7,ADD,454,18,5,2
1656,5x^2+12x+1,ADD,299,146,6,2
1657,6x^2+13x+1,ADD,457,12,5,2
1658,7x^2+14x+1,ADD,556,1,4,2
1659,8x^2+15x+1,ADD,302,171,6,2
1660,9x^2+16x+1,ADD,303,149,6,2
1661,6x^2+15x+3,ADD,618,3,5,2
1662,8x^2+17x+3,ADD,462,14,5,2
1663,3x^2+12x+2,ADD,594,2,4,2
1664,4x^2+14x+2,ADD,453,2,5,2
1665,5x^2+16x+2,ADD,582,13,5,2
1666,6x^2+18x+2,ADD,460,2,4,2
1667,7x^2+20x+2,ADD,301,186,6,2
1668,6x^2+19x+4,ADD,460,15,5,2
1669,3x^2+14x+3,ADD,297,195,6,2
1670,4x^2+17x+3,ADD,454,14,5,2
1671,4x^2+18x+6,ADD,455,6,5,2
1672,5x^2+20x+3,ADD,595,3,4,2
1673,3x^2+16x+4,ADD,602,15,5,2
1674,4x^2+20x+4,ADD,456,4,4,2
1675,3x^2+18x+5,ADD,608,5,4,2
1676,3x^2+20x+6,ADD,611,0,5,2
1677,5x^2+19x+5,ADD,353,100,6,2
1678,7x^2+18x+3,ADD,301,197,6,2
1679,3x^2+11x+1,ADD,324,12,5,2
1680,4x^2+12x+1,ADD,452,1,4,2
1681,4x^2+18x+7,ADD,455,7,5,2
1682,5x^2+13x+1,ADD,338,60,6,2
1683,6x^2+14x+1,ADD,458,1,5,2
1684,7x^2+15x+1,ADD,556,12,5,2
1685,8x^2+16x+1,ADD,462,1,4,2
1686,6x^2+18x+5,ADD,460,5,4,2
1687,3x^2+13x+2,ADD,594,13,5,2
1688,4x^2+15x+2,ADD,298,188,6,2
1689,5x^2+17x+2,ADD,353,74,6,2
1690,6x^2+19x+2,ADD,460,13,5,2
1691,6x^2+20x+4,ADD,461,4,5,2
1692,3x^2+15x+3,ADD,602,3,4,2
1693,4x^2+18x+3,ADD,455,3,5,2
1694,5x^2+21x+3,ADD,595,14,5,2
1695,3x^2+17x+4,ADD,321,94,6,2
1696,4x^2+21x+4,ADD,456,15,5,2
1697,3x^2+19x+5,ADD,608,16,5,2
1698,3x^2+21x+6,ADD,612,6,4,2
1699,5x^2+20x+5,ADD,595,5,4,2
1700,3x^2+12x+1,ADD,594,1,4,2
1701,4x^2+13x+1,ADD,452,12,5,2
1702,4x^2+19x+7,ADD,396,115,6,2
1703,5x^2+14x+1,ADD,299,148,6,2
1704,6x^2+15x+1,ADD,618,1,5,2
1705,7x^2+16x+1,ADD,301,149,6,2
1706,8x^2+17x+1,ADD,462,12,5,2
1707,6x^2+19x+5,ADD,460,16,5,2
1708,3x^2+14x+2,ADD,297,183,6,2
1709,4x^2+16x+2,ADD,454,2,4,2
1710,5x^2+18x+2,ADD,299,185,6,2
1711,6x^2+20x+2,ADD,461,2,5,2
1712,3x^2+16x+3,ADD,602,14,5,2
1713,4x^2+19x+3,ADD,396,87,6,2
1714,5x^2+22x+3,ADD,582,84,6,2
1715,3x^2+18x+4,ADD,608,4,4,2
1716,4x^2+22x+4,ADD,452,94,6,2
1717,3x^2+20x+5,ADD,297,221,6,2
1718,3x^2+13x+1,ADD,594,12,5,2
1719,4x^2+14x+1,ADD,453,1,5,2
1720,5x^2+15x+1,ADD,582,1,4,2
1721,6x^2+16x+1,ADD,459,1,5,2
1722,7x^2+17x+1,ADD,340,62,6,2
1723,8x^2+18x+1,ADD,467,1,5,2
1724,3x^2+15x+2,ADD,602,2,4,2
1725,4x^2+17x+2,ADD,454,13,5,2
1726,5x^2+19x+2,ADD,353,76,6,2
1727,6x^2+21x+2,ADD,619,2,5,2
1728,3x^2+17x+3,ADD,321,87,6,2
1729,4x^2+20x+3,ADD,456,3,4,2
1730,3x^2+19x+4,ADD,608,15,5,2
1731,3x^2+21x+5,ADD,612,5,4,2
1732,3x^2+1,ADD,297,1,3,2
1733,3x^2+2,ADD,297,2,3,2
1734,3x^2+3,ADD,297,3,3,2
1735,3x^2+4,ADD,297,4,3,2
1736,3x^2+5,ADD,297,5,3,2
1737,3x^2+6,ADD,297,6,3,2
1738,3x^2+7,ADD,297,7,3,2
1739,3x^2+8,ADD,297,8,3,2
1740,3x^2+9,ADD,297,9,3,2
1741,3x^2+10,ADD,297,10,3,2
1742,3x^2+x+1,ADD,297,12,4,2
1743,3x^2+x+2,ADD,297,13,4,2
1744,3x^2+x+3,ADD,297,14,4,2
1745,3x^2+x+4,ADD,297,15,4,2
1746,3x^2+x+5,ADD,297,16,4,2
1747,3x^2+x+6,ADD,297,17,4,2
1748,3x^2+x+7,ADD,297,18,4,2
1749,3x^2+x+8,ADD,297,19,4,2
1750,3x^2+x+9,ADD,297,20,4,2
1751,3x^2+x+10,ADD,297,21,4,2
1752,3x^2+2x+2,ADD,316,2,4,2
1753,3x^2+2x+3,ADD,316,3,4,2
1754,3x^2+2x+4,ADD,316,4,4,2
1755,3x^2+2x+5,ADD,316,5,4,2
1756,3x^2+2x+6,ADD,316,6,4,2
1757,3x^2+2x+7,ADD,316,7,4,2
1758,3x^2+2x+8,ADD,316,8,4,2
1759,3x^2+2x+9,ADD,316,9,4,2
1760,3x^2+2x+10,ADD,316,10,4,2
1761,3x^2+3x+3,ADD,317,3,4,2
1762,3x^2+3x+4,ADD,317,4,4,2
1763,3x^2+3x+5,ADD,317,5,4,2
1764,3x^2+3x+6,ADD,317,6,4,2
1765,3x^2+3x+7,ADD,317,7,4,2
1766,3x^2+3x+8,ADD,317,8,4,2
1767,3x^2+3x+9,ADD,317,9,4,2
1768,3x^2+3x+10,ADD,317,10,4,2
1769,3x^2+5x+5,ADD,319,5,4,2
1770,3x^2+6x+6,ADD,320,6,4,2
1771,3x^2+7x+7,ADD,321,7,4,2
1772,3x^2+4x+8,ADD,318,8,4,2
1773,3x^2+5x+10,ADD,319,10,4,2
1774,3x^2+4x+5,ADD,318,5,4,2
1775,3x^2+4x+6,ADD,318,6,4,2
1776,3x^2+4x+7,ADD,318,7,4,2
1777,3x^2+5x+7,ADD,319,7,4,2
1778,3x^2+6x+7,ADD,320,7,4,2
1779,3x^2+5x+8,ADD,319,8,4,2
1780,3x^2+7x+8,ADD,321,8,4,2
1781,3x^2+4x+9,ADD,318,9,4,2
1782,3x^2+5x+9,ADD,319,9,4,2
1783,3x^2+7x+9,ADD,321,9,4,2
1784,3x^2+8x+9,ADD,322,9,4,2
1785,3x^2+4x+10,ADD,318,10,4,2
1786,3x^2+6x+10,ADD,320,10,4,2
1787,3x^2+8x+10,ADD,322,10,4,2
1788,3x^2+14x+1,ADD,297,148,6,2
1789,3x^2+16x+1,ADD,602,12,5,2
1790,3x^2+18x+1,ADD,608,1,4,2
1791,3x^2+20x+1,ADD,297,151,6,2
1792,3x^2+22x+1,ADD,612,12,5,2
1793,3x^2+15x+1,ADD,602,1,4,2
1794,3x^2+17x+1,ADD,321,62,6,2
1795,3x^2+23x+1,ADD,602,60,6,2
1796,3x^2+26x+1,ADD,608,60,6,2
1797,3x^2+19x+1,ADD,608,12,5,2
1798,3x^2+21x+1,ADD,612,1,4,2
1799,3x^2+16x+2,ADD,602,13,5,2
1800,3x^2+18x+2,ADD,608,2,4,2
1801,3x^2+20x+2,ADD,297,186,6,2
1802,3x^2+22x+2,ADD,612,13,5,2
1803,3x^2+17x+2,ADD,321,77,6,2
1804,3x^2+23x+2,ADD,602,75,6,2
1805,3x^2+19x+2,ADD,608,13,5,2
1806,3x^2+21x+2,ADD,612,2,4,2
1807,3x^2+18x+3,ADD,608,3,4,2
1808,3x^2+20x+3,ADD,297,198,6,2
1809,3x^2+22x+3,ADD,612,14,5,2
1810,3x^2+23x+3,ADD,602,85,6,2
1811,3x^2+19x+3,ADD,608,14,5,2
1812,3x^2+21x+3,ADD,612,3,4,2
1813,3x^2+20x+4,ADD,297,210,6,2
1814,3x^2+22x+4,ADD,612,15,5,2
1815,3x^2+23x+4,ADD,597,29,6,2
1816,3x^2+21x+4,ADD,612,4,4,2
1817,3x^2+22x+5,ADD,612,16,5,2
1818,3x^2+24x+1,ADD,614,1,4,2
1819,3x^2+24x+2,ADD,614,2,4,2
1820,3x^2+24x+3,ADD,614,3,4,2
1821,3x^2+25x+1,ADD,614,12,5,2
1822,3x^2+25x+2,ADD,614,13,5,2
1823,4x^2+2x+1,ADD,344,1,4,2
1824,4x^2+3x+2,ADD,354,2,4,2
1825,4x^2+4x+3,ADD,337,3,4,2
1826,4x^2+5x+4,ADD,369,4,4,2
1827,4x^2+6x+5,ADD,376,5,4,2
1828,4x^2+8x+7,ADD,352,7,4,2
1829,4x^2+9x+8,ADD,396,8,4,2
1830,4x^2+10x+9,ADD,403,9,4,2
1831,5x^2+3x+1,ADD,355,1,4,2
1832,5x^2+4x+2,ADD,362,2,4,2
1833,5x^2+5x+3,ADD,338,3,4,2
1834,5x^2+6x+4,ADD,377,4,4,2
1835,5x^2+7x+5,ADD,384,5,4,2
1836,5x^2+8x+6,ADD,390,6,4,2
1837,5x^2+9x+7,ADD,397,7,4,2
1838,5x^2+11x+9,ADD,353,20,5,2
1839,5x^2+12x+10,ADD,542,3,5,2
1840,6x^2+5x+2,ADD,370,2,4,2
1841,6x^2+6x+3,ADD,339,3,4,2
1842,6x^2+7x+4,ADD,385,4,4,2
1843,6x^2+8x+5,ADD,391,5,4,2
1844,6x^2+9x+6,ADD,398,6,4,2
1845,6x^2+10x+7,ADD,404,7,4,2
1846,6x^2+11x+8,ADD,404,19,5,2
1847,12x^2+10x+1,ADD,432,1,5,2
1848,7x^2+8x+4,ADD,392,4,4,2
1849,8x^2+10x+5,ADD,406,5,4,2
1850,9x^2+12x+6,ADD,525,3,5,2
1851,7x^2+6x+2,ADD,378,2,4,2
1852,7x^2+12x+8,ADD,534,3,5,2
1853,7x^2+7x+3,ADD,340,3,4,2
1854,8x^2+8x+3,ADD,341,3,4,2
1855,9x^2+9x+3,ADD,342,3,4,2
1856,8x^2+9x+4,ADD,400,4,4,2
1857,9x^2+10x+4,ADD,407,4,4,2
1858,10x^2+11x+4,ADD,343,15,5,2
1859,7x^2+9x+5,ADD,399,5,4,2
1860,9x^2+11x+5,ADD,407,16,5,2
1861,10x^2+12x+5,ADD,464,5,5,2
1862,7x^2+10x+6,ADD,405,6,4,2
1863,8x^2+11x+6,ADD,406,17,5,2
1864,7x^2+11x+7,ADD,405,18,5,2
1865,8x^2+12x+7,ADD,463,7,5,2
1866,9x^2+13x+7,ADD,531,3,5,2
1867,8x^2+13x+8,ADD,535,3,5,2
1868,7x^2+13x+9,ADD,539,3,5,2
1869,4x^2+4x+4,ADD,337,4,4,2
1870,4x^2+5x+6,ADD,369,6,4,2
1871,4x^2+6x+8,ADD,376,8,4,2
1872,4x^2+7x+10,ADD,383,10,4,2
1873,5x^2+7x+6,ADD,384,6,4,2
1874,5x^2+8x+8,ADD,390,8,4,2
1875,5x^2+9x+10,ADD,397,10,4,2
1876,6x^2+10x+8,ADD,404,8,4,2
1877,6x^2+11x+10,ADD,404,21,5,2
1878,7x^2+13x+10,ADD,539,4,5,2
1879,4x^2+6x+9,ADD,376,9,4,2
1880,5x^2+9x+9,ADD,397,9,4,2
1881,7x^2+4x+1,ADD,364,1,4,2
1882,9x^2+5x+1,ADD,373,1,4,2
1883,9x^2+7x+2,ADD,387,2,4,2
1884,11x^2+8x+2,ADD,395,2,5,2
1885,11x^2+10x+3,ADD,408,3,5,2
1886,7x^2+12x+9,ADD,534,4,5,2
1887,12x^2+6x+1,ADD,424,1,5,2
1888,4x^2+1,ADD,298,1,3,2
1889,4x^2+2,ADD,298,2,3,2
1890,4x^2+3,ADD,298,3,3,2
1891,4x^2+4,ADD,298,4,3,2
1892,4x^2+5,ADD,298,5,3,2
1893,4x^2+6,ADD,298,6,3,2
1894,4x^2+7,ADD,298,7,3,2
1895,4x^2+8,ADD,298,8,3,2
1896,4x^2+9,ADD,298,9,3,2
1897,4x^2+10,ADD,298,10,3,2
1898,4x^2+x+1,ADD,298,12,4,2
1899,4x^2+x+2,ADD,298,13,4,2
1900,4x^2+x+3,ADD,298,14,4,2
1901,4x^2+x+4,ADD,298,15,4,2
1902,4x^2+x+5,ADD,298,16,4,2
1903,4x^2+x+6,ADD,298,17,4,2
1904,4x^2+x+7,ADD,298,18,4,2
1905,4x^2+x+8,ADD,298,19,4,2
1906,4x^2+x+9,ADD,298,20,4,2
1907,4x^2+x+10,ADD,298,21,4,2
1908,4x^2+2x+2,ADD,344,2,4,2
1909,4x^2+2x+3,ADD,344,3,4,2
1910,4x^2+2x+4,ADD,344,4,4,2
1911,4x^2+2x+5,ADD,344,5,4,2
1912,4x^2+2x+6,ADD,344,6,4,2
1913,4x^2+2x+7,ADD,344,7,4,2
1914,4x^2+2x+8,ADD,344,8,4,2
1915,4x^2+2x+9,ADD,344,9,4,2
1916,4x^2+2x+10,ADD,344,10,4,2
1917,4x^2+3x+3,ADD,354,3,4,2
1918,4x^2+3x+4,ADD,354,4,4,2
1919,4x^2+3x+5,ADD,354,5,4,2
1920,4x^2+3x+6,ADD,354,6,4,2
1921,4x^2+3x+7,ADD,354,7,4,2
1922,4x^2+3x+8,ADD,354,8,4,2
1923,4x^2+3x+9,ADD,354,9,4,2
1924,4x^2+3x+10,ADD,354,10,4,2
1925,4x^2+5x+5,ADD,369,5,4,2
1926,4x^2+6x+6,ADD,376,6,4,2
1927,4x^2+7x+7,ADD,383,7,4,2
1928,4x^2+10x+10,ADD,403,10,4,2
1929,4x^2+4x+8,ADD,337,8,4,2
1930,4x^2+5x+10,ADD,369,10,4,2
1931,4x^2+4x+5,ADD,337,5,4,2
1932,4x^2+4x+6,ADD,337,6,4,2
1933,4x^2+4x+7,ADD,337,7,4,2
1934,4x^2+5x+7,ADD,369,7,4,2
1935,4x^2+6x+7,ADD,376,7,4,2
1936,4x^2+5x+8,ADD,369,8,4,2
1937,4x^2+7x+8,ADD,383,8,4,2
1938,4x^2+4x+9,ADD,337,9,4,2
1939,4x^2+5x+9,ADD,369,9,4,2
1940,4x^2+7x+9,ADD,383,9,4,2
1941,4x^2+8x+9,ADD,352,9,4,2
1942,4x^2+4x+10,ADD,337,10,4,2
1943,4x^2+6x+10,ADD,376,10,4,2
1944,4x^2+8x+10,ADD,352,10,4,2
1945,4x^2+16x+1,ADD,454,1,4,2
1946,4x^2+18x+1,ADD,455,1,5,2
1947,4x^2+20x+1,ADD,456,1,4,2
1948,4x^2+22x+1,ADD,452,62,6,2
1949,4x^2+15x+1,ADD,298,171,6,2
1950,4x^2+17x+1,ADD,454,12,5,2
1951,4x^2+23x+1,ADD,454,59,6,2
1952,4x^2+19x+1,ADD,396,62,6,2
1953,4x^2+21x+1,ADD,456,12,5,2
1954,4x^2+18x+2,ADD,455,2,5,2
1955,4x^2+20x+2,ADD,456,2,4,2
1956,4x^2+22x+2,ADD,452,77,6,2
1957,4x^2+23x+2,ADD,454,74,6,2
1958,4x^2+19x+2,ADD,396,77,6,2
1959,4x^2+21x+2,ADD,456,13,5,2
1960,4x^2+22x+3,ADD,452,87,6,2
1961,4x^2+23x+3,ADD,454,84,6,2
1962,4x^2+21x+3,ADD,456,14,5,2
1963,4x^2+24x+1,ADD,609,1,4,2
1964,4x^2+24x+2,ADD,609,2,4,2
1965,4x^2+25x+1,ADD,609,12,5,2
1966,5x^2+2x+1,ADD,345,1,4,2
1967,5x^2+3x+2,ADD,355,2,4,2
1968,5x^2+4x+3,ADD,362,3,4,2
1969,5x^2+5x+4,ADD,338,4,4,2
1970,5x^2+6x+5,ADD,377,5,4,2
1971,5x^2+8x+7,ADD,390,7,4,2
1972,5x^2+9x+8,ADD,397,8,4,2
1973,5x^2+10x+9,ADD,353,9,4,2
1974,6x^2+3x+1,ADD,356,1,4,2
1975,6x^2+4x+2,ADD,363,2,4,2
1976,6x^2+5x+3,ADD,370,3,4,2
1977,6x^2+6x+4,ADD,339,4,4,2
1978,6x^2+7x+5,ADD,385,5,4,2
1979,6x^2+8x+6,ADD,391,6,4,2
1980,6x^2+9x+7,ADD,398,7,4,2
1981,6x^2+11x+9,ADD,404,20,5,2
1982,6x^2+12x+10,ADD,457,10,4,2
1983,7x^2+5x+2,ADD,371,2,4,2
1984,7x^2+6x+3,ADD,378,3,4,2
1985,7x^2+7x+4,ADD,340,4,4,2
1986,7x^2+8x+5,ADD,392,5,4,2
1987,7x^2+9x+6,ADD,399,6,4,2
1988,7x^2+10x+7,ADD,405,7,4,2
1989,7x^2+11x+8,ADD,405,19,5,2
1990,12x^2+9x+1,ADD,430,1,5,2
1991,8x^2+8x+4,ADD,341,4,4,2
1992,9x^2+10x+5,ADD,407,5,4,2
1993,10x^2+12x+6,ADD,464,6,5,2
1994,8x^2+6x+2,ADD,379,2,4,2
1995,8x^2+12x+8,ADD,463,8,5,2
1996,8x^2+7x+3,ADD,386,3,4,2
1997,9x^2+8x+3,ADD,393,3,4,2
1998,10x^2+9x+3,ADD,401,3,4,2
1999,9x^2+9x+4,ADD,342,4,4,2
2000,10x^2+10x+4,ADD,343,4,4,2
2001,11x^2+11x+4,ADD,498,4,5,2
2002,8x^2+9x+5,ADD,400,5,4,2
2003,10x^2+11x+5,ADD,343,16,5,2
2004,8x^2+10x+6,ADD,406,6,4,2
2005,9x^2+11x+6,ADD,407,17,5,2
2006,8x^2+11x+7,ADD,406,18,5,2
2007,9x^2+12x+7,ADD,525,4,5,2
2008,9x^2+13x+8,ADD,531,4,5,2
2009,8x^2+13x+9,ADD,535,4,5,2
2010,5x^2+4x+4,ADD,362,4,4,2
2011,5x^2+5x+6,ADD,338,6,4,2
2012,5x^2+6x+8,ADD,377,8,4,2
2013,5x^2+7x+10,ADD,384,10,4,2
2014,6x^2+7x+6,ADD,385,6,4,2
2015,6x^2+8x+8,ADD,391,8,4,2
2016,6x^2+9x+10,ADD,398,10,4,2
2017,7x^2+10x+8,ADD,405,8,4,2
2018,7x^2+11x+10,ADD,405,21,5,2
2019,5x^2+6x+9,ADD,377,9,4,2
2020,6x^2+9x+9,ADD,398,9,4,2
2021,8x^2+4x+1,ADD,365,1,4,2
2022,10x^2+5x+1,ADD,374,1,4,2
2023,10x^2+7x+2,ADD,388,2,4,2
2024,12x^2+8x+2,ADD,428,2,5,2
2025,8x^2+12x+9,ADD,463,9,5,2
2026,13x^2+6x+1,ADD,425,1,6,2
2027,5x^2+1,ADD,299,1,3,2
2028,5x^2+2,ADD,299,2,3,2
2029,5x^2+3,ADD,299,3,3,2
2030,5x^2+4,ADD,299,4,3,2
2031,5x^2+5,ADD,299,5,3,2
2032,5x^2+6,ADD,299,6,3,2
2033,5x^2+7,ADD,299,7,3,2
2034,5x^2+8,ADD,299,8,3,2
2035,5x^2+9,ADD,299,9,3,2
2036,5x^2+10,ADD,299,10,3,2
2037,5x^2+x+1,ADD,299,12,4,2
2038,5x^2+x+2,ADD,299,13,4,2
2039,5x^2+x+3,ADD,299,14,4,2
2040,5x^2+x+4,ADD,299,15,4,2
2041,5x^2+x+5,ADD,299,16,4,2
2042,5x^2+x+6,ADD,299,17,4,2
2043,5x^2+x+7,ADD,299,18,4,2
2044,5x^2+x+8,ADD,299,19,4,2
2045,5x^2+x+9,ADD,299,20,4,2
2046,5x^2+x+10,ADD,299,21,4,2
2047,5x^2+2x+2,ADD,345,2,4,2
2048,5x^2+2x+3,ADD,345,3,4,2
2049,5x^2+2x+4,ADD,345,4,4,2
2050,5x^2+2x+5,ADD,345,5,4,2
2051,5x^2+2x+6,ADD,345,6,4,2
2052,5x^2+2x+7,ADD,345,7,4,2
2053,5x^2+2x+8,ADD,345,8,4,2
2054,5x^2+2x+9,ADD,345,9,4,2
2055,5x^2+2x+10,ADD,345,10,4,2
2056,5x^2+3x+3,ADD,355,3,4,2
2057,5x^2+3x+4,ADD,355,4,4,2
2058,5x^2+3x+5,ADD,355,5,4,2
2059,5x^2+3x+6,ADD,355,6,4,2
2060,5x^2+3x+7,ADD,355,7,4,2
2061,5x^2+3x+8,ADD,355,8,4,2
2062,5x^2+3x+9,ADD,355,9,4,2
2063,5x^2+3x+10,ADD,355,10,4,2
2064,5x^2+5x+5,ADD,338,5,4,2
2065,5x^2+6x+6,ADD,377,6,4,2
2066,5x^2+7x+7,ADD,384,7,4,2
2067,5x^2+10x+10,ADD,353,10,4,2
2068,5x^2+4x+8,ADD,362,8,4,2
2069,5x^2+5x+10,ADD,338,10,4,2
2070,5x^2+4x+5,ADD,362,5,4,2
2071,5x^2+4x+6,ADD,362,6,4,2
2072,5x^2+4x+7,ADD,362,7,4,2
2073,5x^2+5x+7,ADD,338,7,4,2
2074,5x^2+6x+7,ADD,377,7,4,2
2075,5x^2+5x+8,ADD,338,8,4,2
2076,5x^2+7x+8,ADD,384,8,4,2
2077,5x^2+4x+9,ADD,362,9,4,2
2078,5x^2+5x+9,ADD,338,9,4,2
2079,5x^2+7x+9,ADD,384,9,4,2
2080,5x^2+8x+9,ADD,390,9,4,2
2081,5x^2+4x+10,ADD,362,10,4,2
2082,5x^2+6x+10,ADD,377,10,4,2
2083,5x^2+8x+10,ADD,390,10,4,2
2084,5x^2+16x+1,ADD,582,12,5,2
2085,5x^2+18x+1,ADD,299,150,6,2
2086,5x^2+20x+1,ADD,595,1,4,2
2087,5x^2+22x+1,ADD,582,59,6,2
2088,5x^2+17x+1,ADD,353,59,6,2
2089,5x^2+23x+1,ADD,582,60,6,2
2090,5x^2+19x+1,ADD,353,61,6,2
2091,5x^2+21x+1,ADD,595,12,5,2
2092,5x^2+20x+2,ADD,595,2,4,2
2093,5x^2+22x+2,ADD,582,74,6,2
2094,5x^2+23x+2,ADD,582,75,6,2
2095,5x^2+21x+2,ADD,595,13,5,2
2096,5x^2+24x+1,ADD,299,268,6,2
2097,6x^2+2x+1,ADD,346,1,4,2
2098,6x^2+3x+2,ADD,356,2,4,2
2099,6x^2+4x+3,ADD,363,3,4,2
2100,6x^2+5x+4,ADD,370,4,4,2
2101,6x^2+6x+5,ADD,339,5,4,2
2102,6x^2+8x+7,ADD,391,7,4,2
2103,6x^2+9x+8,ADD,398,8,4,2
2104,6x^2+10x+9,ADD,404,9,4,2
2105,7x^2+3x+1,ADD,357,1,4,2
2106,7x^2+4x+2,ADD,364,2,4,2
2107,7x^2+5x+3,ADD,371,3,4,2
2108,7x^2+6x+4,ADD,378,4,4,2
2109,7x^2+7x+5,ADD,340,5,4,2
2110,7x^2+8x+6,ADD,392,6,4,2
2111,7x^2+9x+7,ADD,399,7,4,2
2112,7x^2+11x+9,ADD,405,20,5,2
2113,7x^2+12x+10,ADD,534,5,5,2
2114,8x^2+5x+2,ADD,372,2,4,2
2115,8x^2+6x+3,ADD,379,3,4,2
2116,8x^2+7x+4,ADD,386,4,4,2
2117,8x^2+8x+5,ADD,341,5,4,2
2118,8x^2+9x+6,ADD,400,6,4,2
2119,8x^2+10x+7,ADD,406,7,4,2
2120,8x^2+11x+8,ADD,406,19,5,2
2121,9x^2+8x+4,ADD,393,4,4,2
2122,10x^2+10x+5,ADD,343,5,4,2
2123,9x^2+6x+2,ADD,380,2,4,2
2124,9x^2+12x+8,ADD,525,5,5,2
2125,9x^2+7x+3,ADD,387,3,4,2
2126,10x^2+8x+3,ADD,394,3,4,2
2127,11x^2+9x+3,ADD,402,3,5,2
2128,10x^2+9x+4,ADD,401,4,4,2
2129,11x^2+10x+4,ADD,408,4,5,2
2130,9x^2+9x+5,ADD,342,5,4,2
2131,9x^2+10x+6,ADD,407,6,4,2
2132,10x^2+11x+6,ADD,343,17,5,2
2133,9x^2+11x+7,ADD,407,18,5,2
2134,6x^2+4x+4,ADD,363,4,4,2
2135,6x^2+5x+6,ADD,370,6,4,2
2136,6x^2+6x+8,ADD,339,8,4,2
2137,6x^2+7x+10,ADD,385,10,4,2
2138,7x^2+7x+6,ADD,340,6,4,2
2139,7x^2+8x+8,ADD,392,8,4,2
2140,7x^2+9x+10,ADD,399,10,4,2
2141,8x^2+10x+8,ADD,406,8,4,2
2142,8x^2+11x+10,ADD,406,21,5,2
2143,6x^2+6x+9,ADD,339,9,4,2
2144,7x^2+9x+9,ADD,399,9,4,2
2145,9x^2+4x+1,ADD,366,1,4,2
2146,11x^2+5x+1,ADD,375,1,5,2
2147,11x^2+7x+2,ADD,389,2,5,2
2148,13x^2+8x+2,ADD,429,2,6,2
2149,9x^2+12x+9,ADD,525,6,5,2
2150,14x^2+6x+1,ADD,446,1,5,2
2151,6x^2+1,ADD,300,1,3,2
2152,6x^2+2,ADD,300,2,3,2
2153,6x^2+3,ADD,300,3,3,2
2154,6x^2+4,ADD,300,4,3,2
2155,6x^2+5,ADD,300,5,3,2
2156,6x^2+6,ADD,300,6,3,2
2157,6x^2+7,ADD,300,7,3,2
2158,6x^2+8,ADD,300,8,3,2
2159,6x^2+9,ADD,300,9,3,2
2160,6x^2+10,ADD,300,10,3,2
2161,6x^2+x+1,ADD,300,12,4,2
2162,6x^2+x+2,ADD,300,13,4,2
2163,6x^2+x+3,ADD,300,14,4,2
2164,6x^2+x+4,ADD,300,15,4,2
2165,6x^2+x+5,ADD,300,16,4,2
2166,6x^2+x+6,ADD,300,17,4,2
2167,6x^2+x+7,ADD,300,18,4,2
2168,6x^2+x+8,ADD,300,19,4,2
2169,6x^2+x+9,ADD,300,20,4,2
2170,6x^2+x+10,ADD,300,21,4,2
2171,6x^2+2x+2,ADD,346,2,4,2
2172,6x^2+2x+3,ADD,346,3,4,2
2173,6x^2+2x+4,ADD,346,4,4,2
2174,6x^2+2x+5,ADD,346,5,4,2
2175,6x^2+2x+6,ADD,346,6,4,2
2176,6x^2+2x+7,ADD,346,7,4,2
2177,6x^2+2x+8,ADD,346,8,4,2
2178,6x^2+2x+9,ADD,346,9,4,2
2179,6x^2+2x+10,ADD,346,10,4,2
2180,6x^2+3x+3,ADD,356,3,4,2
2181,6x^2+3x+4,ADD,356,4,4,2
2182,6x^2+3x+5,ADD,356,5,4,2
2183,6x^2+3x+6,ADD,356,6,4,2
2184,6x^2+3x+7,ADD,356,7,4,2
2185,6x^2+3x+8,ADD,356,8,4,2
2186,6x^2+3x+9,ADD,356,9,4,2
2187,6x^2+3x+10,ADD,356,10,4,2
2188,6x^2+5x+5,ADD,370,5,4,2
2189,6x^2+6x+6,ADD,339,6,4,2
2190,6x^2+7x+7,ADD,385,7,4,2
2191,6x^2+10x+10,ADD,404,10,4,2
2192,6x^2+4x+8,ADD,363,8,4,2
2193,6x^2+5x+10,ADD,370,10,4,2
2194,6x^2+4x+5,ADD,363,5,4,2
2195,6x^2+4x+6,ADD,363,6,4,2
2196,6x^2+4x+7,ADD,363,7,4,2
2197,6x^2+5x+7,ADD,370,7,4,2
2198,6x^2+6x+7,ADD,339,7,4,2
2199,6x^2+5x+8,ADD,370,8,4,2
2200,6x^2+7x+8,ADD,385,8,4,2
2201,6x^2+4x+9,ADD,363,9,4,2
2202,6x^2+5x+9,ADD,370,9,4,2
2203,6x^2+7x+9,ADD,385,9,4,2
2204,6x^2+8x+9,ADD,391,9,4,2
2205,6x^2+4x+10,ADD,363,10,4,2
2206,6x^2+6x+10,ADD,339,10,4,2
2207,6x^2+8x+10,ADD,391,10,4,2
2208,6x^2+18x+1,ADD,460,1,4,2
2209,6x^2+20x+1,ADD,461,1,5,2
2210,6x^2+22x+1,ADD,457,62,6,2
2211,6x^2+17x+1,ADD,385,62,6,2
2212,6x^2+19x+1,ADD,460,12,5,2
2213,6x^2+21x+1,ADD,619,1,5,2
2214,6x^2+22x+2,ADD,457,77,6,2
2215,7x^2+2x+1,ADD,347,1,4,2
2216,7x^2+3x+2,ADD,357,2,4,2
2217,7x^2+4x+3,ADD,364,3,4,2
2218,7x^2+5x+4,ADD,371,4,4,2
2219,7x^2+6x+5,ADD,378,5,4,2
2220,7x^2+8x+7,ADD,392,7,4,2
2221,7x^2+9x+8,ADD,399,8,4,2
2222,7x^2+10x+9,ADD,405,9,4,2
2223,8x^2+3x+1,ADD,358,1,4,2
2224,8x^2+4x+2,ADD,365,2,4,2
2225,8x^2+5x+3,ADD,372,3,4,2
2226,8x^2+6x+4,ADD,379,4,4,2
2227,8x^2+7x+5,ADD,386,5,4,2
2228,8x^2+8x+6,ADD,341,6,4,2
2229,8x^2+9x+7,ADD,400,7,4,2
2230,8x^2+11x+9,ADD,406,20,5,2
2231,8x^2+12x+10,ADD,463,10,5,2
2232,9x^2+5x+2,ADD,373,2,4,2
2233,9x^2+6x+3,ADD,380,3,4,2
2234,9x^2+7x+4,ADD,387,4,4,2
2235,9x^2+8x+5,ADD,393,5,4,2
2236,9x^2+9x+6,ADD,342,6,4,2
2237,9x^2+10x+7,ADD,407,7,4,2
2238,9x^2+11x+8,ADD,407,19,5,2
2239,10x^2+8x+4,ADD,394,4,4,2
2240,11x^2+10x+5,ADD,408,5,5,2
2241,10x^2+6x+2,ADD,381,2,4,2
2242,10x^2+7x+3,ADD,388,3,4,2
2243,11x^2+8x+3,ADD,395,3,5,2
2244,12x^2+9x+3,ADD,430,3,5,2
2245,11x^2+9x+4,ADD,402,4,5,2
2246,10x^2+9x+5,ADD,401,5,4,2
2247,10x^2+10x+6,ADD,343,6,4,2
2248,10x^2+11x+7,ADD,343,18,5,2
2249,7x^2+4x+4,ADD,364,4,4,2
2250,7x^2+5x+6,ADD,371,6,4,2
2251,7x^2+6x+8,ADD,378,8,4,2
2252,7x^2+7x+10,ADD,340,10,4,2
2253,8x^2+7x+6,ADD,386,6,4,2
2254,8x^2+8x+8,ADD,341,8,4,2
2255,8x^2+9x+10,ADD,400,10,4,2
2256,9x^2+10x+8,ADD,407,8,4,2
2257,9x^2+11x+10,ADD,407,21,5,2
2258,7x^2+6x+9,ADD,378,9,4,2
2259,8x^2+9x+9,ADD,400,9,4,2
2260,10x^2+4x+1,ADD,367,1,4,2
2261,12x^2+5x+1,ADD,422,1,5,2
2262,12x^2+7x+2,ADD,426,2,5,2
2263,7x^2+1,ADD,301,1,3,2
2264,7x^2+2,ADD,301,2,3,2
2265,7x^2+3,ADD,301,3,3,2
2266,7x^2+4,ADD,301,4,3,2
2267,7x^2+5,ADD,301,5,3,2
2268,7x^2+6,ADD,301,6,3,2
2269,7x^2+7,ADD,301,7,3,2
2270,7x^2+8,ADD,301,8,3,2
2271,7x^2+9,ADD,301,9,3,2
2272,7x^2+10,ADD,301,10,3,2
2273,7x^2+x+1,ADD,301,12,4,2
2274,7x^2+x+2,ADD,301,13,4,2
2275,7x^2+x+3,ADD,301,14,4,2
2276,7x^2+x+4,ADD,301,15,4,2
2277,7x^2+x+5,ADD,301,16,4,2
2278,7x^2+x+6,ADD,301,17,4,2
2279,7x^2+x+7,ADD,301,18,4,2
2280,7x^2+x+8,ADD,301,19,4,2
2281,7x^2+x+9,ADD,301,20,4,2
2282,7x^2+x+10,ADD,301,21,4,2
2283,7x^2+2x+2,ADD,347,2,4,2
2284,7x^2+2x+3,ADD,347,3,4,2
2285,7x^2+2x+4,ADD,347,4,4,2
2286,7x^2+2x+5,ADD,347,5,4,2
2287,7x^2+2x+6,ADD,347,6,4,2
2288,7x^2+2x+7,ADD,347,7,4,2
2289,7x^2+2x+8,ADD,347,8,4,2
2290,7x^2+2x+9,ADD,347,9,4,2
2291,7x^2+2x+10,ADD,347,10,4,2
2292,7x^2+3x+3,ADD,357,3,4,2
2293,7x^2+3x+4,ADD,357,4,4,2
2294,7x^2+3x+5,ADD,357,5,4,2
2295,7x^2+3x+6,ADD,357,6,4,2
2296,7x^2+3x+7,ADD,357,7,4,2
2297,7x^2+3x+8,ADD,357,8,4,2
2298,7x^2+3x+9,ADD,357,9,4,2
2299,7x^2+3x+10,ADD,357,10,4,2
2300,7x^2+5x+5,ADD,371,5,4,2
2301,7x^2+6x+6,ADD,378,6,4,2
2302,7x^2+7x+7,ADD,340,7,4,2
2303,7x^2+10x+10,ADD,405,10,4,2
2304,7x^2+4x+8,ADD,364,8,4,2
2305,7x^2+5x+10,ADD,371,10,4,2
2306,7x^2+4x+5,ADD,364,5,4,2
2307,7x^2+4x+6,ADD,364,6,4,2
2308,7x^2+4x+7,ADD,364,7,4,2
2309,7x^2+5x+7,ADD,371,7,4,2
2310,7x^2+6x+7,ADD,378,7,4,2
2311,7x^2+5x+8,ADD,371,8,4,2
2312,7x^2+7x+8,ADD,340,8,4,2
2313,7x^2+4x+9,ADD,364,9,4,2
2314,7x^2+5x+9,ADD,371,9,4,2
2315,7x^2+7x+9,ADD,340,9,4,2
2316,7x^2+8x+9,ADD,392,9,4,2
2317,7x^2+4x+10,ADD,364,10,4,2
2318,7x^2+6x+10,ADD,378,10,4,2
2319,7x^2+8x+10,ADD,392,10,4,2
2320,7x^2+18x+1,ADD,301,150,6,2
2321,7x^2+20x+1,ADD,301,151,6,2
2322,7x^2+19x+1,ADD,399,62,6,2
2323,8x^2+2x+1,ADD,348,1,4,2
2324,8x^2+3x+2,ADD,358,2,4,2
2325,8x^2+4x+3,ADD,365,3,4,2
2326,8x^2+5x+4,ADD,372,4,4,2
2327,8x^2+6x+5,ADD,379,5,4,2
2328,8x^2+8x+7,ADD,341,7,4,2
2329,8x^2+9x+8,ADD,400,8,4,2
2330,8x^2+10x+9,ADD,406,9,4,2
2331,9x^2+3x+1,ADD,359,1,4,2
2332,9x^2+4x+2,ADD,366,2,4,2
2333,9x^2+5x+3,ADD,373,3,4,2
2334,9x^2+6x+4,ADD,380,4,4,2
2335,9x^2+7x+5,ADD,387,5,4,2
2336,9x^2+8x+6,ADD,393,6,4,2
2337,9x^2+9x+7,ADD,342,7,4,2
2338,9x^2+11x+9,ADD,407,20,5,2
2339,10x^2+5x+2,ADD,374,2,4,2
2340,10x^2+6x+3,ADD,381,3,4,2
2341,10x^2+7x+4,ADD,388,4,4,2
2342,10x^2+8x+5,ADD,394,5,4,2
2343,10x^2+9x+6,ADD,401,6,4,2
2344,10x^2+10x+7,ADD,343,7,4,2
2345,10x^2+11x+8,ADD,343,19,5,2
2346,11x^2+8x+4,ADD,395,4,5,2
2347,11x^2+6x+2,ADD,382,2,5,2
2348,11x^2+7x+3,ADD,389,3,5,2
2349,12x^2+8x+3,ADD,428,3,5,2
2350,12x^2+9x+4,ADD,430,4,5,2
2351,11x^2+9x+5,ADD,402,5,5,2
2352,11x^2+10x+6,ADD,408,6,5,2
2353,8x^2+4x+4,ADD,365,4,4,2
2354,8x^2+5x+6,ADD,372,6,4,2
2355,8x^2+6x+8,ADD,379,8,4,2
2356,8x^2+7x+10,ADD,386,10,4,2
2357,9x^2+7x+6,ADD,387,6,4,2
2358,9x^2+8x+8,ADD,393,8,4,2
2359,9x^2+9x+10,ADD,342,10,4,2
2360,10x^2+10x+8,ADD,343,8,4,2
2361,8x^2+6x+9,ADD,379,9,4,2
2362,9x^2+9x+9,ADD,342,9,4,2
2363,11x^2+4x+1,ADD,368,1,5,2
2364,13x^2+5x+1,ADD,423,1,6,2
2365,13x^2+7x+2,ADD,427,2,6,2
2366,8x^2+1,ADD,302,1,3,2
2367,8x^2+2,ADD,302,2,3,2
2368,8x^2+3,ADD,302,3,3,2
2369,8x^2+4,ADD,302,4,3,2
2370,8x^2+5,ADD,302,5,3,2
2371,8x^2+6,ADD,302,6,3,2
2372,8x^2+7,ADD,302,7,3,2
2373,8x^2+8,ADD,302,8,3,2
2374,8x^2+9,ADD,302,9,3,2
2375,8x^2+10,ADD,302,10,3,2
2376,8x^2+x+1,ADD,302,12,4,2
2377,8x^2+x+2,ADD,302,13,4,2
2378,8x^2+x+3,ADD,302,14,4,2
2379,8x^2+x+4,ADD,302,15,4,2
2380,8x^2+x+5,ADD,302,16,4,2
2381,8x^2+x+6,ADD,302,17,4,2
2382,8x^2+x+7,ADD,302,18,4,2
2383,8x^2+x+8,ADD,302,19,4,2
2384,8x^2+x+9,ADD,302,20,4,2
2385,8x^2+x+10,ADD,302,21,4,2
2386,8x^2+2x+2,ADD,348,2,4,2
2387,8x^2+2x+3,ADD,348,3,4,2
2388,8x^2+2x+4,ADD,348,4,4,2
2389,8x^2+2x+5,ADD,348,5,4,2
2390,8x^2+2x+6,ADD,348,6,4,2
2391,8x^2+2x+7,ADD,348,7,4,2
2392,8x^2+2x+8,ADD,348,8,4,2
2393,8x^2+2x+9,ADD,348,9,4,2
2394,8x^2+2x+10,ADD,348,10,4,2
2395,8x^2+3x+3,ADD,358,3,4,2
2396,8x^2+3x+4,ADD,358,4,4,2
2397,8x^2+3x+5,ADD,358,5,4,2
2398,8x^2+3x+6,ADD,358,6,4,2
2399,8x^2+3x+7,ADD,358,7,4,2
2400,8x^2+3x+8,ADD,358,8,4,2
2401,8x^2+3x+9,ADD,358,9,4,2
2402,8x^2+3x+10,ADD,358,10,4,2
2403,8x^2+5x+5,ADD,372,5,4,2
2404,8x^2+6x+6,ADD,379,6,4,2
2405,8x^2+7x+7,ADD,386,7,4,2
2406,8x^2+10x+10,ADD,406,10,4,2
2407,8x^2+4x+8,ADD,365,8,4,2
2408,8x^2+5x+10,ADD,372,10,4,2
2409,8x^2+4x+5,ADD,365,5,4,2
2410,8x^2+4x+6,ADD,365,6,4,2
2411,8x^2+4x+7,ADD,365,7,4,2
2412,8x^2+5x+7,ADD,372,7,4,2
2413,8x^2+6x+7,ADD,379,7,4,2
2414,8x^2+5x+8,ADD,372,8,4,2
2415,8x^2+7x+8,ADD,386,8,4,2
2416,8x^2+4x+9,ADD,365,9,4,2
2417,8x^2+5x+9,ADD,372,9,4,2
2418,8x^2+7x+9,ADD,386,9,4,2
2419,8x^2+8x+9,ADD,341,9,4,2
2420,8x^2+4x+10,ADD,365,10,4,2
2421,8x^2+6x+10,ADD,379,10,4,2
2422,8x^2+8x+10,ADD,341,10,4,2
2423,9x^2+2x+1,ADD,349,1,4,2
2424,9x^2+3x+2,ADD,359,2,4,2
2425,9x^2+4x+3,ADD,366,3,4,2
2426,9x^2+5x+4,ADD,373,4,4,2
2427,9x^2+6x+5,ADD,380,5,4,2
2428,9x^2+8x+7,ADD,393,7,4,2
2429,9x^2+9x+8,ADD,342,8,4,2
2430,9x^2+10x+9,ADD,407,9,4,2
2431,10x^2+3x+1,ADD,360,1,4,2
2432,10x^2+4x+2,ADD,367,2,4,2
2433,10x^2+5x+3,ADD,374,3,4,2
2434,10x^2+6x+4,ADD,381,4,4,2
2435,10x^2+7x+5,ADD,388,5,4,2
2436,10x^2+8x+6,ADD,394,6,4,2
2437,10x^2+9x+7,ADD,401,7,4,2
2438,11x^2+5x+2,ADD,375,2,5,2
2439,11x^2+6x+3,ADD,382,3,5,2
2440,11x^2+7x+4,ADD,389,4,5,2
2441,11x^2+8x+5,ADD,395,5,5,2
2442,11x^2+9x+6,ADD,402,6,5,2
2443,12x^2+8x+4,ADD,428,4,5,2
2444,12x^2+6x+2,ADD,424,2,5,2
2445,12x^2+7x+3,ADD,426,3,5,2
2446,9x^2+4x+4,ADD,366,4,4,2
2447,9x^2+5x+6,ADD,373,6,4,2
2448,9x^2+6x+8,ADD,380,8,4,2
2449,9x^2+7x+10,ADD,387,10,4,2
2450,10x^2+7x+6,ADD,388,6,4,2
2451,10x^2+8x+8,ADD,394,8,4,2
2452,10x^2+9x+10,ADD,401,10,4,2
2453,9x^2+6x+9,ADD,380,9,4,2
2454,10x^2+9x+9,ADD,401,9,4,2
2455,12x^2+4x+1,ADD,420,1,5,2
2456,14x^2+5x+1,ADD,444,1,5,2
2457,9x^2+1,ADD,303,1,3,2
2458,9x^2+2,ADD,303,2,3,2
2459,9x^2+3,ADD,303,3,3,2
2460,9x^2+4,ADD,303,4,3,2
2461,9x^2+5,ADD,303,5,3,2
2462,9x^2+6,ADD,303,6,3,2
2463,9x^2+7,ADD,303,7,3,2
2464,9x^2+8,ADD,303,8,3,2
2465,9x^2+9,ADD,303,9,3,2
2466,9x^2+10,ADD,303,10,3,2
2467,9x^2+x+1,ADD,303,12,4,2
2468,9x^2+x+2,ADD,303,13,4,2
2469,9x^2+x+3,ADD,303,14,4,2
2470,9x^2+x+4,ADD,303,15,4,2
2471,9x^2+x+5,ADD,303,16,4,2
2472,9x^2+x+6,ADD,303,17,4,2
2473,9x^2+x+7,ADD,303,18,4,2
2474,9x^2+x+8,ADD,303,19,4,2
2475,9x^2+x+9,ADD,303,20,4,2
2476,9x^2+x+10,ADD,303,21,4,2
2477,9x^2+2x+2,ADD,349,2,4,2
2478,9x^2+2x+3,ADD,349,3,4,2
2479,9x^2+2x+4,ADD,349,4,4,2
2480,9x^2+2x+5,ADD,349,5,4,2
2481,9x^2+2x+6,ADD,349,6,4,2
2482,9x^2+2x+7,ADD,349,7,4,2
2483,9x^2+2x+8,ADD,349,8,4,2
2484,9x^2+2x+9,ADD,349,9,4,2
2485,9x^2+2x+10,ADD,349,10,4,2
2486,9x^2+3x+3,ADD,359,3,4,2
2487,9x^2+3x+4,ADD,359,4,4,2
2488,9x^2+3x+5,ADD,359,5,4,2
2489,9x^2+3x+6,ADD,359,6,4,2
2490,9x^2+3x+7,ADD,359,7,4,2
2491,9x^2+3x+8,ADD,359,8,4,2
2492,9x^2+3x+9,ADD,359,9,4,2
2493,9x^2+3x+10,ADD,359,10,4,2
2494,9x^2+5x+5,ADD,373,5,4,2
2495,9x^2+6x+6,ADD,380,6,4,2
2496,9x^2+7x+7,ADD,387,7,4,2
2497,9x^2+10x+10,ADD,407,10,4,2
2498,9x^2+4x+8,ADD,366,8,4,2
2499,9x^2+5x+10,ADD,373,10,4,2
2500,9x^2+4x+5,ADD,366,5,4,2
2501,9x^2+4x+6,ADD,366,6,4,2
2502,9x^2+4x+7,ADD,366,7,4,2
2503,9x^2+5x+7,ADD,373,7,4,2
2504,9x^2+6x+7,ADD,380,7,4,2
2505,9x^2+5x+8,ADD,373,8,4,2
2506,9x^2+7x+8,ADD,387,8,4,2
2507,9x^2+4x+9,ADD,366,9,4,2
2508,9x^2+5x+9,ADD,373,9,4,2
2509,9x^2+7x+9,ADD,387,9,4,2
2510,9x^2+8x+9,ADD,393,9,4,2
2511,9x^2+4x+10,ADD,366,10,4,2
2512,9x^2+6x+10,ADD,380,10,4,2
2513,9x^2+8x+10,ADD,393,10,4,2
2514,10x^2+2x+1,ADD,350,1,4,2
2515,10x^2+3x+2,ADD,360,2,4,2
2516,10x^2+4x+3,ADD,367,3,4,2
2517,10x^2+5x+4,ADD,374,4,4,2
2518,10x^2+6x+5,ADD,381,5,4,2
2519,10x^2+8x+7,ADD,394,7,4,2
2520,10x^2+9x+8,ADD,401,8,4,2
2521,10x^2+10x+9,ADD,343,9,4,2
2522,11x^2+3x+1,ADD,361,1,5,2
2523,11x^2+4x+2,ADD,368,2,5,2
2524,11x^2+5x+3,ADD,375,3,5,2
2525,11x^2+6x+4,ADD,382,4,5,2
2526,11x^2+7x+5,ADD,389,5,5,2
2527,11x^2+8x+6,ADD,395,6,5,2
2528,11x^2+9x+7,ADD,402,7,5,2
2529,12x^2+5x+2,ADD,422,2,5,2
2530,12x^2+6x+3,ADD,424,3,5,2
2531,12x^2+7x+4,ADD,426,4,5,2
2532,12x^2+8x+5,ADD,428,5,5,2
2533,13x^2+6x+2,ADD,425,2,6,2
2534,13x^2+7x+3,ADD,427,3,6,2
2535,10x^2+4x+4,ADD,367,4,4,2
2536,10x^2+5x+6,ADD,374,6,4,2
2537,10x^2+6x+8,ADD,381,8,4,2
2538,10x^2+7x+10,ADD,388,10,4,2
2539,11x^2+7x+6,ADD,389,6,5,2
2540,11x^2+8x+8,ADD,395,8,5,2
2541,10x^2+6x+9,ADD,381,9,4,2
2542,13x^2+4x+1,ADD,421,1,6,2
2543,10x^2+1,ADD,304,1,3,2
2544,10x^2+2,ADD,304,2,3,2
2545,10x^2+3,ADD,304,3,3,2
2546,10x^2+4,ADD,304,4,3,2
2547,10x^2+5,ADD,304,5,3,2
2548,10x^2+6,ADD,304,6,3,2
2549,10x^2+7,ADD,304,7,3,2
2550,10x^2+8,ADD,304,8,3,2
2551,10x^2+9,ADD,304,9,3,2
2552,10x^2+10,ADD,304,10,3,2
2553,10x^2+x+1,ADD,304,12,4,2
2554,10x^2+x+2,ADD,304,13,4,2
2555,10x^2+x+3,ADD,304,14,4,2
2556,10x^2+x+4,ADD,304,15,4,2
2557,10x^2+x+5,ADD,304,16,4,2
2558,10x^2+x+6,ADD,304,17,4,2
2559,10x^2+x+7,ADD,304,18,4,2
2560,10x^2+x+8,ADD,304,19,4,2
2561,10x^2+x+9,ADD,304,20,4,2
2562,10x^2+x+10,ADD,304,21,4,2
2563,10x^2+2x+2,ADD,350,2,4,2
2564,10x^2+2x+3,ADD,350,3,4,2
2565,10x^2+2x+4,ADD,350,4,4,2
2566,10x^2+2x+5,ADD,350,5,4,2
2567,10x^2+2x+6,ADD,350,6,4,2
2568,10x^2+2x+7,ADD,350,7,4,2
2569,10x^2+2x+8,ADD,350,8,4,2
2570,10x^2+2x+9,ADD,350,9,4,2
2571,10x^2+2x+10,ADD,350,10,4,2
2572,10x^2+3x+3,ADD,360,3,4,2
2573,10x^2+3x+4,ADD,360,4,4,2
2574,10x^2+3x+5,ADD,360,5,4,2
2575,10x^2+3x+6,ADD,360,6,4,2
2576,10x^2+3x+7,ADD,360,7,4,2
2577,10x^2+3x+8,ADD,360,8,4,2
2578,10x^2+3x+9,ADD,360,9,4,2
2579,10x^2+3x+10,ADD,360,10,4,2
2580,10x^2+5x+5,ADD,374,5,4,2
2581,10x^2+6x+6,ADD,381,6,4,2
2582,10x^2+7x+7,ADD,388,7,4,2
2583,10x^2+10x+10,ADD,343,10,4,2
2584,10x^2+4x+8,ADD,367,8,4,2
2585,10x^2+5x+10,ADD,374,10,4,2
2586,10x^2+4x+5,ADD,367,5,4,2
2587,10x^2+4x+6,ADD,367,6,4,2
2588,10x^2+4x+7,ADD,367,7,4,2
2589,10x^2+5x+7,ADD,374,7,4,2
2590,10x^2+6x+7,ADD,381,7,4,2
2591,10x^2+5x+8,ADD,374,8,4,2
2592,10x^2+7x+8,ADD,388,8,4,2
2593,10x^2+4x+9,ADD,367,9,4,2
2594,10x^2+5x+9,ADD,374,9,4,2
2595,10x^2+7x+9,ADD,388,9,4,2
2596,10x^2+8x+9,ADD,394,9,4,2
2597,10x^2+4x+10,ADD,367,10,4,2
2598,10x^2+6x+10,ADD,381,10,4,2
2599,10x^2+8x+10,ADD,394,10,4,2
2600,11x^2+2x+1,ADD,351,1,5,2
2601,11x^2+3x+2,ADD,361,2,5,2
2602,11x^2+4x+3,ADD,368,3,5,2
2603,11x^2+5x+4,ADD,375,4,5,2
2604,11x^2+6x+5,ADD,382,5,5,2
2605,11x^2+8x+7,ADD,395,7,5,2
2606,11x^2+9x+8,ADD,402,8,5,2
2607,12x^2+3x+1,ADD,418,1,5,2
2608,12x^2+4x+2,ADD,420,2,5,2
2609,12x^2+5x+3,ADD,422,3,5,2
2610,12x^2+6x+4,ADD,424,4,5,2
2611,12x^2+7x+5,ADD,426,5,5,2
2612,12x^2+8x+6,ADD,428,6,5,2
2613,13x^2+5x+2,ADD,423,2,6,2
2614,13x^2+6x+3,ADD,425,3,6,2
2615,13x^2+7x+4,ADD,427,4,6,2
2616,14x^2+6x+2,ADD,446,2,5,2
2617,11x^2+4x+4,ADD,368,4,5,2
2618,11x^2+5x+6,ADD,375,6,5,2
2619,11x^2+6x+8,ADD,382,8,5,2
2620,11x^2+7x+10,ADD,389,10,5,2
2621,12x^2+7x+6,ADD,426,6,5,2
2622,11x^2+6x+9,ADD,382,9,5,2
2623,14x^2+4x+1,ADD,442,1,5,2
2624,11x^2+1,ADD,325,1,4,2
2625,11x^2+2,ADD,325,2,4,2
2626,11x^2+3,ADD,325,3,4,2
2627,11x^2+4,ADD,325,4,4,2
2628,11x^2+5,ADD,325,5,4,2
2629,11x^2+6,ADD,325,6,4,2
2630,11x^2+7,ADD,325,7,4,2
2631,11x^2+8,ADD,325,8,4,2
2632,11x^2+9,ADD,325,9,4,2
2633,11x^2+10,ADD,325,10,4,2
2634,11x^2+x+1,ADD,325,12,5,2
2635,11x^2+x+2,ADD,325,13,5,2
2636,11x^2+x+3,ADD,325,14,5,2
2637,11x^2+x+4,ADD,325,15,5,2
2638,11x^2+x+5,ADD,325,16,5,2
2639,11x^2+x+6,ADD,325,17,5,2
2640,11x^2+x+7,ADD,325,18,5,2
2641,11x^2+x+8,ADD,325,19,5,2
2642,11x^2+x+9,ADD,325,20,5,2
2643,11x^2+x+10,ADD,325,21,5,2
2644,11x^2+2x+2,ADD,351,2,5,2
2645,11x^2+2x+3,ADD,351,3,5,2
2646,11x^2+2x+4,ADD,351,4,5,2
2647,11x^2+2x+5,ADD,351,5,5,2
2648,11x^2+2x+6,ADD,351,6,5,2
2649,11x^2+2x+7,ADD,351,7,5,2
2650,11x^2+2x+8,ADD,351,8,5,2
2651,11x^2+2x+9,ADD,351,9,5,2
2652,11x^2+2x+10,ADD,351,10,5,2
2653,11x^2+3x+3,ADD,361,3,5,2
2654,11x^2+3x+4,ADD,361,4,5,2
2655,11x^2+3x+5,ADD,361,5,5,2
2656,11x^2+3x+6,ADD,361,6,5,2
2657,11x^2+3x+7,ADD,361,7,5,2
2658,11x^2+3x+8,ADD,361,8,5,2
2659,11x^2+3x+9,ADD,361,9,5,2
2660,11x^2+3x+10,ADD,361,10,5,2
2661,11x^2+5x+5,ADD,375,5,5,2
2662,11x^2+6x+6,ADD,382,6,5,2
2663,11x^2+7x+7,ADD,389,7,5,2
2664,11x^2+4x+8,ADD,368,8,5,2
2665,11x^2+5x+10,ADD,375,10,5,2
2666,11x^2+4x+5,ADD,368,5,5,2
2667,11x^2+4x+6,ADD,368,6,5,2
2668,11x^2+4x+7,ADD,368,7,5,2
2669,11x^2+5x+7,ADD,375,7,5,2
2670,11x^2+6x+7,ADD,382,7,5,2
2671,11x^2+5x+8,ADD,375,8,5,2
2672,11x^2+7x+8,ADD,389,8,5,2
2673,11x^2+4x+9,ADD,368,9,5,2
2674,11x^2+5x+9,ADD,375,9,5,2
2675,11x^2+7x+9,ADD,389,9,5,2
2676,11x^2+8x+9,ADD,395,9,5,2
2677,11x^2+4x+10,ADD,368,10,5,2
2678,11x^2+6x+10,ADD,382,10,5,2
2679,11x^2+8x+10,ADD,395,10,5,2
2680,12x^2+2x+1,ADD,416,1,5,2
2681,12x^2+3x+2,ADD,418,2,5,2
2682,12x^2+4x+3,ADD,420,3,5,2
2683,12x^2+5x+4,ADD,422,4,5,2
2684,12x^2+6x+5,ADD,424,5,5,2
2685,13x^2+3x+1,ADD,419,1,6,2
2686,13x^2+4x+2,ADD,421,2,6,2
2687,13x^2+5x+3,ADD,423,3,6,2
2688,13x^2+6x+4,ADD,425,4,6,2
2689,14x^2+5x+2,ADD,444,2,5,2
2690,12x^2+4x+4,ADD,420,4,5,2
2691,12x^2+5x+6,ADD,422,6,5,2
2692,12x^2+6x+8,ADD,424,8,5,2
2693,12x^2+6x+9,ADD,424,9,5,2
2694,15x^2+4x+1,ADD,443,1,5,2
2695,12x^2+1,ADD,326,1,4,2
2696,12x^2+2,ADD,326,2,4,2
2697,12x^2+3,ADD,326,3,4,2
2698,12x^2+4,ADD,326,4,4,2
2699,12x^2+5,ADD,326,5,4,2
2700,12x^2+6,ADD,326,6,4,2
2701,12x^2+7,ADD,326,7,4,2
2702,12x^2+8,ADD,326,8,4,2
2703,12x^2+9,ADD,326,9,4,2
2704,12x^2+10,ADD,326,10,4,2
2705,12x^2+x+1,ADD,326,12,5,2
2706,12x^2+x+2,ADD,326,13,5,2
2707,12x^2+x+3,ADD,326,14,5,2
2708,12x^2+x+4,ADD,326,15,5,2
2709,12x^2+x+5,ADD,326,16,5,2
2710,12x^2+x+6,ADD,326,17,5,2
2711,12x^2+x+7,ADD,326,18,5,2
2712,12x^2+x+8,ADD,326,19,5,2
2713,12x^2+x+9,ADD,326,20,5,2
2714,12x^2+x+10,ADD,326,21,5,2
2715,12x^2+2x+2,ADD,416,2,5,2
2716,12x^2+2x+3,ADD,416,3,5,2
2717,12x^2+2x+4,ADD,416,4,5,2
2718,12x^2+2x+5,ADD,416,5,5,2
2719,12x^2+2x+6,ADD,416,6,5,2
2720,12x^2+2x+7,ADD,416,7,5,2
2721,12x^2+2x+8,ADD,416,8,5,2
2722,12x^2+2x+9,ADD,416,9,5,2
2723,12x^2+2x+10,ADD,416,10,5,2
2724,12x^2+3x+3,ADD,418,3,5,2
2725,12x^2+3x+4,ADD,418,4,5,2
2726,12x^2+3x+5,ADD,418,5,5,2
2727,12x^2+3x+6,ADD,418,6,5,2
2728,12x^2+3x+7,ADD,418,7,5,2
2729,12x^2+3x+8,ADD,418,8,5,2
2730,12x^2+3x+9,ADD,418,9,5,2
2731,12x^2+3x+10,ADD,418,10,5,2
2732,12x^2+5x+5,ADD,422,5,5,2
2733,12x^2+6x+6,ADD,424,6,5,2
2734,12x^2+7x+7,ADD,426,7,5,2
2735,12x^2+4x+8,ADD,420,8,5,2
2736,12x^2+5x+10,ADD,422,10,5,2
2737,12x^2+4x+5,ADD,420,5,5,2
2738,12x^2+4x+6,ADD,420,6,5,2
2739,12x^2+4x+7,ADD,420,7,5,2
2740,12x^2+5x+7,ADD,422,7,5,2
2741,12x^2+6x+7,ADD,424,7,5,2
2742,12x^2+5x+8,ADD,422,8,5,2
2743,12x^2+7x+8,ADD,426,8,5,2
2744,12x^2+4x+9,ADD,420,9,5,2
2745,12x^2+5x+9,ADD,422,9,5,2
2746,12x^2+4x+10,ADD,420,10,5,2
2747,12x^2+6x+10,ADD,424,10,5,2
2748,13x^2+2x+1,ADD,417,1,6,2
2749,13x^2+3x+2,ADD,419,2,6,2
2750,13x^2+4x+3,ADD,421,3,6,2
2751,13x^2+5x+4,ADD,423,4,6,2
2752,13x^2+6x+5,ADD,425,5,6,2
2753,14x^2+3x+1,ADD,439,1,5,2
2754,14x^2+4x+2,ADD,442,2,5,2
2755,14x^2+5x+3,ADD,444,3,5,2
2756,13x^2+4x+4,ADD,421,4,6,2
2757,13x^2+5x+6,ADD,423,6,6,2
2758,14x^2+1,ADD,327,1,4,2
2759,14x^2+2,ADD,327,2,4,2
2760,14x^2+3,ADD,327,3,4,2
2761,14x^2+4,ADD,327,4,4,2
2762,14x^2+5,ADD,327,5,4,2
2763,14x^2+6,ADD,327,6,4,2
2764,14x^2+7,ADD,327,7,4,2
2765,14x^2+8,ADD,327,8,4,2
2766,14x^2+9,ADD,327,9,4,2
2767,14x^2+10,ADD,327,10,4,2
2768,14x^2+x+1,ADD,327,12,5,2
2769,14x^2+x+2,ADD,327,13,5,2
2770,14x^2+x+3,ADD,327,14,5,2
2771,14x^2+x+4,ADD,327,15,5,2
2772,14x^2+x+5,ADD,327,16,5,2
2773,14x^2+x+6,ADD,327,17,5,2
2774,14x^2+x+7,ADD,327,18,5,2
2775,14x^2+x+8,ADD,327,19,5,2
2776,14x^2+x+9,ADD,327,20,5,2
2777,14x^2+x+10,ADD,327,21,5,2
2778,14x^2+2x+1,ADD,436,1,5,2
2779,14x^2+2x+2,ADD,436,2,5,2
2780,14x^2+2x+3,ADD,436,3,5,2
2781,14x^2+2x+4,ADD,436,4,5,2
2782,14x^2+2x+5,ADD,436,5,5,2
2783,14x^2+2x+6,ADD,436,6,5,2
2784,14x^2+2x+7,ADD,436,7,5,2
2785,14x^2+2x+8,ADD,436,8,5,2
2786,14x^2+2x+9,ADD,436,9,5,2
2787,14x^2+2x+10,ADD,436,10,5,2
2788,14x^2+3x+2,ADD,439,2,5,2
2789,14x^2+3x+3,ADD,439,3,5,2
2790,14x^2+3x+4,ADD,439,4,5,2
2791,14x^2+3x+5,ADD,439,5,5,2
2792,14x^2+3x+6,ADD,439,6,5,2
2793,14x^2+3x+7,ADD,439,7,5,2
2794,14x^2+3x+8,ADD,439,8,5,2
2795,14x^2+4x+4,ADD,442,4,5,2
2796,14x^2+4x+3,ADD,442,3,5,2
2797,14x^2+5x+4,ADD,444,4,5,2
2798,14x^2+4x+5,ADD,442,5,5,2
2799,14x^2+4x+6,ADD,442,6,5,2
2800,15x^2+2x+1,ADD,438,1,5,2
2801,15x^2+3x+2,ADD,441,2,5,2
2802,16x^2+1,ADD,328,1,4,2
2803,16x^2+2,ADD,328,2,4,2
2804,16x^2+3,ADD,328,3,4,2
2805,16x^2+4,ADD,328,4,4,2
2806,16x^2+5,ADD,328,5,4,2
2807,16x^2+6,ADD,328,6,4,2
2808,16x^2+x+1,ADD,328,12,5,2
2809,16x^2+x+2,ADD,328,13,5,2
2810,16x^2+x+3,ADD,328,14,5,2
2811,16x^2+x+4,ADD,328,15,5,2
2812,16x^2+2x+1,ADD,437,1,5,2
2813,16x^2+2x+2,ADD,437,2,5,2
2814,13x^2+1,ADD,409,1,5,2
2815,13x^2+2,ADD,409,2,5,2
2816,13x^2+3,ADD,409,3,5,2
2817,13x^2+4,ADD,409,4,5,2
2818,13x^2+5,ADD,409,5,5,2
2819,13x^2+6,ADD,409,6,5,2
2820,13x^2+7,ADD,409,7,5,2
2821,13x^2+8,ADD,409,8,5,2
2822,13x^2+9,ADD,409,9,5,2
2823,13x^2+10,ADD,409,10,5,2
2824,13x^2+x+1,ADD,409,12,6,2
2825,13x^2+x+2,ADD,409,13,6,2
2826,13x^2+x+3,ADD,409,14,6,2
2827,13x^2+x+4,ADD,409,15,6,2
2828,13x^2+x+5,ADD,409,16,6,2
2829,13x^2+x+6,ADD,409,17,6,2
2830,13x^2+x+7,ADD,409,18,6,2
2831,13x^2+x+8,ADD,409,19,6,2
2832,13x^2+x+9,ADD,409,20,6,2
2833,13x^2+x+10,ADD,409,21,6,2
2834,13x^2+2x+2,ADD,417,2,6,2
2835,13x^2+2x+3,ADD,417,3,6,2
2836,13x^2+2x+4,ADD,417,4,6,2
2837,13x^2+2x+5,ADD,417,5,6,2
2838,13x^2+2x+6,ADD,417,6,6,2
2839,13x^2+2x+7,ADD,417,7,6,2
2840,13x^2+2x+8,ADD,417,8,6,2
2841,13x^2+2x+9,ADD,417,9,6,2
2842,13x^2+2x+10,ADD,417,10,6,2
2843,13x^2+3x+3,ADD,419,3,6,2
2844,13x^2+3x+4,ADD,419,4,6,2
2845,13x^2+3x+5,ADD,419,5,6,2
2846,13x^2+3x+6,ADD,419,6,6,2
2847,13x^2+3x+7,ADD,419,7,6,2
2848,13x^2+3x+8,ADD,419,8,6,2
2849,13x^2+3x+9,ADD,419,9,6,2
2850,13x^2+3x+10,ADD,419,10,6,2
2851,13x^2+5x+5,ADD,423,5,6,2
2852,13x^2+6x+6,ADD,425,6,6,2
2853,13x^2+4x+8,ADD,421,8,6,2
2854,13x^2+4x+5,ADD,421,5,6,2
2855,13x^2+4x+6,ADD,421,6,6,2
2856,13x^2+4x+7,ADD,421,7,6,2
2857,13x^2+5x+7,ADD,423,7,6,2
2858,13x^2+5x+8,ADD,423,8,6,2
2859,13x^2+4x+9,ADD,421,9,6,2
2860,13x^2+4x+10,ADD,421,10,6,2
2861,15x^2+3x+1,ADD,441,1,5,2
2862,15x^2+4x+2,ADD,443,2,5,2
2863,15x^2+1,ADD,410,1,4,2
2864,15x^2+2,ADD,410,2,4,2
2865,15x^2+3,ADD,410,3,4,2
2866,15x^2+4,ADD,410,4,4,2
2867,15x^2+5,ADD,410,5,4,2
2868,15x^2+6,ADD,410,6,4,2
2869,15x^2+7,ADD,410,7,4,2
2870,15x^2+8,ADD,410,8,4,2
2871,15x^2+9,ADD,410,9,4,2
2872,15x^2+10,ADD,410,10,4,2
2873,15x^2+x+1,ADD,410,12,5,2
2874,15x^2+x+2,ADD,410,13,5,2
2875,15x^2+x+3,ADD,410,14,5,2
2876,15x^2+x+4,ADD,410,15,5,2
2877,15x^2+x+5,ADD,410,16,5,2
2878,15x^2+x+6,ADD,410,17,5,2
2879,15x^2+x+7,ADD,410,18,5,2
2880,15x^2+x+8,ADD,410,19,5,2
2881,15x^2+2x+2,ADD,438,2,5,2
2882,15x^2+2x+3,ADD,438,3,5,2
2883,15x^2+2x+4,ADD,438,4,5,2
2884,15x^2+2x+5,ADD,438,5,5,2
2885,15x^2+2x+6,ADD,438,6,5,2
2886,15x^2+3x+3,ADD,441,3,5,2
2887,15x^2+3x+4,ADD,441,4,5,2
2888,17x^2+1,ADD,411,1,5,2
2889,17x^2+2,ADD,411,2,5,2
