index,polynomial,operation,operand 1,operand 2,cost,order,depth
0,x,,,,0,1,0
1,1,,,,0,0,0
2,2,,,,0,0,0
3,3,,,,0,0,0
4,4,,,,0,0,0
5,5,,,,0,0,0
6,6,,,,0,0,0
7,7,,,,0,0,0
8,8,,,,0,0,0
9,9,,,,0,0,0
10,10,,,,0,0,0
11,11,,,,0,0,0
12,2x,ADD,0,0,1,1,1
13,x+1,ADD,0,1,1,1,1
14,x+2,ADD,0,2,1,1,1
15,x+3,ADD,0,3,1,1,1
16,x+4,ADD,0,4,1,1,1
17,x+5,ADD,0,5,1,1,1
18,x+6,ADD,0,6,1,1,1
19,x+7,ADD,0,7,1,1,1
20,x+8,ADD,0,8,1,1,1
21,x+9,ADD,0,9,1,1,1
22,x+10,ADD,0,10,1,1,1
23,x+11,ADD,0,11,1,1,1
24,3x,MULT,0,3,1,1,1
25,4x,MULT,0,4,1,1,1
26,5x,MULT,0,5,1,1,1
27,6x,MULT,0,6,1,1,1
28,7x,MULT,0,7,1,1,1
29,8x,MULT,0,8,1,1,1
30,9x,MULT,0,9,1,1,1
31,10x,MULT,0,10,1,1,1
32,11x,MULT,0,11,1,1,1
33,2x+1,ADD,12,1,2,1,2
34,2x+2,ADD,12,2,2,1,2
35,2x+3,ADD,12,3,2,1,2
36,2x+4,ADD,12,4,2,1,2
37,2x+5,ADD,12,5,2,1,2
38,2x+6,ADD,12,6,2,1,2
39,2x+7,ADD,12,7,2,1,2
40,2x+8,ADD,12,8,2,1,2
41,2x+9,ADD,12,9,2,1,2
42,2x+10,ADD,12,10,2,1,2
43,2x+11,ADD,12,11,2,1,2
44,3x+3,MULT,13,3,2,1,2
45,4x+4,MULT,13,4,2,1,2
46,5x+5,MULT,13,5,2,1,2
47,6x+6,MULT,13,6,2,1,2
48,7x+7,MULT,13,7,2,1,2
49,8x+8,MULT,13,8,2,1,2
50,9x+9,MULT,13,9,2,1,2
51,10x+10,MULT,13,10,2,1,2
52,11x+11,MULT,13,11,2,1,2
53,3x+6,MULT,14,3,2,1,2
54,4x+8,MULT,14,4,2,1,2
55,5x+10,MULT,14,5,2,1,2
56,3x+9,MULT,15,3,2,1,2
57,3x+1,ADD,24,1,2,1,2
58,3x+2,ADD,24,2,2,1,2
59,3x+4,ADD,24,4,2,1,2
60,3x+5,ADD,24,5,2,1,2
61,3x+7,ADD,24,7,2,1,2
62,3x+8,ADD,24,8,2,1,2
63,3x+10,ADD,24,10,2,1,2
64,3x+11,ADD,24,11,2,1,2
65,4x+1,ADD,25,1,2,1,2
66,4x+2,ADD,25,2,2,1,2
67,4x+3,ADD,25,3,2,1,2
68,4x+5,ADD,25,5,2,1,2
69,4x+6,ADD,25,6,2,1,2
70,4x+7,ADD,25,7,2,1,2
71,4x+9,ADD,25,9,2,1,2
72,4x+10,ADD,25,10,2,1,2
73,4x+11,ADD,25,11,2,1,2
74,5x+1,ADD,26,1,2,1,2
75,5x+2,ADD,26,2,2,1,2
76,5x+3,ADD,26,3,2,1,2
77,5x+4,ADD,26,4,2,1,2
78,5x+6,ADD,26,6,2,1,2
79,5x+7,ADD,26,7,2,1,2
80,5x+8,ADD,26,8,2,1,2
81,5x+9,ADD,26,9,2,1,2
82,5x+11,ADD,26,11,2,1,2
83,6x+1,ADD,27,1,2,1,2
84,6x+2,ADD,27,2,2,1,2
85,6x+3,ADD,27,3,2,1,2
86,6x+4,ADD,27,4,2,1,2
87,6x+5,ADD,27,5,2,1,2
88,6x+7,ADD,27,7,2,1,2
89,6x+8,ADD,27,8,2,1,2
90,6x+9,ADD,27,9,2,1,2
91,6x+10,ADD,27,10,2,1,2
92,6x+11,ADD,27,11,2,1,2
93,7x+1,ADD,28,1,2,1,2
94,7x+2,ADD,28,2,2,1,2
95,7x+3,ADD,28,3,2,1,2
96,7x+4,ADD,28,4,2,1,2
97,7x+5,ADD,28,5,2,1,2
98,7x+6,ADD,28,6,2,1,2
99,7x+8,ADD,28,8,2,1,2
100,7x+9,ADD,28,9,2,1,2
101,7x+10,ADD,28,10,2,1,2
102,7x+11,ADD,28,11,2,1,2
103,8x+1,ADD,29,1,2,1,2
104,8x+2,ADD,29,2,2,1,2
105,8x+3,ADD,29,3,2,1,2
106,8x+4,ADD,29,4,2,1,2
107,8x+5,ADD,29,5,2,1,2
108,8x+6,ADD,29,6,2,1,2
109,8x+7,ADD,29,7,2,1,2
110,8x+9,ADD,29,9,2,1,2
111,8x+10,ADD,29,10,2,1,2
112,8x+11,ADD,29,11,2,1,2
113,9x+1,ADD,30,1,2,1,2
114,9x+2,ADD,30,2,2,1,2
115,9x+3,ADD,30,3,2,1,2
116,9x+4,ADD,30,4,2,1,2
117,9x+5,ADD,30,5,2,1,2
118,9x+6,ADD,30,6,2,1,2
119,9x+7,ADD,30,7,2,1,2
120,9x+8,ADD,30,8,2,1,2
121,9x+10,ADD,30,10,2,1,2
122,9x+11,ADD,30,11,2,1,2
123,10x+1,ADD,31,1,2,1,2
124,10x+2,ADD,31,2,2,1,2
125,10x+3,ADD,31,3,2,1,2
126,10x+4,ADD,31,4,2,1,2
127,10x+5,ADD,31,5,2,1,2
128,10x+6,ADD,31,6,2,1,2
129,10x+7,ADD,31,7,2,1,2
130,10x+8,ADD,31,8,2,1,2
131,10x+9,ADD,31,9,2,1,2
132,10x+11,ADD,31,11,2,1,2
133,11x+1,ADD,32,1,2,1,2
134,11x+2,ADD,32,2,2,1,2
135,11x+3,ADD,32,3,2,1,2
136,11x+4,ADD,32,4,2,1,2
137,11x+5,ADD,32,5,2,1,2
138,11x+6,ADD,32,6,2,1,2
139,11x+7,ADD,32,7,2,1,2
140,11x+8,ADD,32,8,2,1,2
141,11x+9,ADD,32,9,2,1,2
142,11x+10,ADD,32,10,2,1,2
143,x^2,MULT,0,0,1,2,1
144,2x^2,MULT,0,12,2,2,2
145,x^2+x,MULT,0,13,2,2,2
146,x^2+2x,MULT,0,14,2,2,2
147,x^2+3x,MULT,0,15,2,2,2
148,x^2+4x,MULT,0,16,2,2,2
149,x^2+5x,MULT,0,17,2,2,2
150,x^2+6x,MULT,0,18,2,2,2
151,x^2+7x,MULT,0,19,2,2,2
152,x^2+8x,MULT,0,20,2,2,2
153,x^2+9x,MULT,0,21,2,2,2
154,x^2+10x,MULT,0,22,2,2,2
155,x^2+11x,MULT,0,23,2,2,2
156,3x^2,MULT,0,24,2,2,2
157,4x^2,MULT,0,25,2,2,2
158,5x^2,MULT,0,26,2,2,2
159,6x^2,MULT,0,27,2,2,2
160,2x^2+x,MULT,0,33,3,2,3
161,2x^2+2x,MULT,12,13,3,2,2
162,2x^2+3x,MULT,0,35,3,2,3
163,2x^2+4x,MULT,12,14,3,2,2
164,2x^2+5x,MULT,0,37,3,2,3
165,2x^2+6x,MULT,12,15,3,2,2
166,2x^2+7x,MULT,0,39,3,2,3
167,2x^2+8x,MULT,12,16,3,2,2
168,2x^2+9x,MULT,0,41,3,2,3
169,2x^2+10x,MULT,12,17,3,2,2
170,2x^2+11x,MULT,0,43,3,2,3
171,3x^2+3x,MULT,13,24,3,2,2
172,4x^2+4x,MULT,13,25,3,2,2
173,5x^2+5x,MULT,13,26,3,2,2
174,6x^2+6x,MULT,13,27,3,2,2
175,3x^2+6x,MULT,14,24,3,2,2
176,4x^2+8x,MULT,14,25,3,2,2
177,5x^2+10x,MULT,14,26,3,2,2
178,3x^2+9x,MULT,15,24,3,2,2
179,3x^2+x,MULT,0,57,3,2,3
180,3x^2+2x,MULT,0,58,3,2,3
181,3x^2+4x,MULT,0,59,3,2,3
182,3x^2+5x,MULT,0,60,3,2,3
183,3x^2+7x,MULT,0,61,3,2,3
184,3x^2+8x,MULT,0,62,3,2,3
185,3x^2+10x,MULT,0,63,3,2,3
186,3x^2+11x,MULT,0,64,3,2,3
187,4x^2+x,MULT,0,65,3,2,3
188,4x^2+2x,MULT,0,66,3,2,3
189,4x^2+3x,MULT,0,67,3,2,3
190,4x^2+5x,MULT,0,68,3,2,3
191,4x^2+6x,MULT,0,69,3,2,3
192,4x^2+7x,MULT,0,70,3,2,3
193,4x^2+9x,MULT,0,71,3,2,3
194,4x^2+10x,MULT,0,72,3,2,3
195,4x^2+11x,MULT,0,73,3,2,3
196,5x^2+x,MULT,0,74,3,2,3
197,5x^2+2x,MULT,0,75,3,2,3
198,5x^2+3x,MULT,0,76,3,2,3
199,5x^2+4x,MULT,0,77,3,2,3
200,5x^2+6x,MULT,0,78,3,2,3
201,5x^2+7x,MULT,0,79,3,2,3
202,5x^2+8x,MULT,0,80,3,2,3
203,5x^2+9x,MULT,0,81,3,2,3
204,5x^2+11x,MULT,0,82,3,2,3
205,6x^2+x,MULT,0,83,3,2,3
206,6x^2+2x,MULT,0,84,3,2,3
207,6x^2+3x,MULT,0,85,3,2,3
208,6x^2+4x,MULT,0,86,3,2,3
209,6x^2+5x,MULT,0,87,3,2,3
210,6x^2+7x,MULT,0,88,3,2,3
211,6x^2+8x,MULT,0,89,3,2,3
212,6x^2+9x,MULT,0,90,3,2,3
213,6x^2+10x,MULT,0,91,3,2,3
214,6x^2+11x,MULT,0,92,3,2,3
215,x^2+2x+1,MULT,13,13,3,2,2
216,x^2+3x+2,MULT,13,14,3,2,2
217,x^2+4x+3,MULT,13,15,3,2,2
218,x^2+5x+4,MULT,13,16,3,2,2
219,x^2+6x+5,MULT,13,17,3,2,2
220,x^2+7x+6,MULT,13,18,3,2,2
221,x^2+8x+7,MULT,13,19,3,2,2
222,x^2+9x+8,MULT,13,20,3,2,2
223,x^2+10x+9,MULT,13,21,3,2,2
224,x^2+11x+10,MULT,13,22,3,2,2
225,2x^2+3x+1,MULT,13,33,4,2,3
226,2x^2+4x+2,MULT,13,34,4,2,3
227,2x^2+5x+3,MULT,13,35,4,2,3
228,2x^2+6x+4,MULT,13,36,4,2,3
229,2x^2+7x+5,MULT,13,37,4,2,3
230,2x^2+8x+6,MULT,13,38,4,2,3
231,2x^2+9x+7,MULT,13,39,4,2,3
232,2x^2+10x+8,MULT,13,40,4,2,3
233,2x^2+11x+9,MULT,13,41,4,2,3
234,3x^2+6x+3,MULT,13,44,4,2,3
235,4x^2+8x+4,MULT,13,45,4,2,3
236,5x^2+10x+5,MULT,13,46,4,2,3
237,3x^2+9x+6,MULT,13,53,4,2,3
238,3x^2+4x+1,MULT,13,57,4,2,3
239,3x^2+5x+2,MULT,13,58,4,2,3
240,3x^2+7x+4,MULT,13,59,4,2,3
241,3x^2+8x+5,MULT,13,60,4,2,3
242,3x^2+10x+7,MULT,13,61,4,2,3
243,3x^2+11x+8,MULT,13,62,4,2,3
244,4x^2+5x+1,MULT,13,65,4,2,3
245,4x^2+6x+2,MULT,13,66,4,2,3
246,4x^2+7x+3,MULT,13,67,4,2,3
247,4x^2+9x+5,MULT,13,68,4,2,3
248,4x^2+10x+6,MULT,13,69,4,2,3
249,4x^2+11x+7,MULT,13,70,4,2,3
250,5x^2+6x+1,MULT,13,74,4,2,3
251,5x^2+7x+2,MULT,13,75,4,2,3
252,5x^2+8x+3,MULT,13,76,4,2,3
253,5x^2+9x+4,MULT,13,77,4,2,3
254,5x^2+11x+6,MULT,13,78,4,2,3
255,6x^2+7x+1,MULT,13,83,4,2,3
256,6x^2+8x+2,MULT,13,84,4,2,3
257,6x^2+9x+3,MULT,13,85,4,2,3
258,6x^2+10x+4,MULT,13,86,4,2,3
259,6x^2+11x+5,MULT,13,87,4,2,3
260,x^2+4x+4,MULT,14,14,3,2,2
261,x^2+5x+6,MULT,14,15,3,2,2
262,x^2+6x+8,MULT,14,16,3,2,2
263,x^2+7x+10,MULT,14,17,3,2,2
264,2x^2+5x+2,MULT,14,33,4,2,3
265,2x^2+7x+6,MULT,14,35,4,2,3
266,2x^2+8x+8,MULT,14,36,4,2,3
267,2x^2+9x+10,MULT,14,37,4,2,3
268,3x^2+7x+2,MULT,14,57,4,2,3
269,3x^2+8x+4,MULT,14,58,4,2,3
270,3x^2+10x+8,MULT,14,59,4,2,3
271,3x^2+11x+10,MULT,14,60,4,2,3
272,4x^2+9x+2,MULT,14,65,4,2,3
273,4x^2+10x+4,MULT,14,66,4,2,3
274,4x^2+11x+6,MULT,14,67,4,2,3
275,5x^2+11x+2,MULT,14,74,4,2,3
276,x^2+6x+9,MULT,15,15,3,2,2
277,2x^2+7x+3,MULT,15,33,4,2,3
278,2x^2+9x+9,MULT,15,35,4,2,3
279,3x^2+10x+3,MULT,15,57,4,2,3
280,3x^2+11x+6,MULT,15,58,4,2,3
281,2x^2+9x+4,MULT,16,33,4,2,3
282,2x^2+11x+5,MULT,17,33,4,2,3
283,x^2+1,ADD,143,1,2,2,2
284,x^2+2,ADD,143,2,2,2,2
285,x^2+3,ADD,143,3,2,2,2
286,x^2+4,ADD,143,4,2,2,2
287,x^2+5,ADD,143,5,2,2,2
288,x^2+6,ADD,143,6,2,2,2
289,x^2+7,ADD,143,7,2,2,2
290,x^2+8,ADD,143,8,2,2,2
291,x^2+9,ADD,143,9,2,2,2
292,x^2+10,ADD,143,10,2,2,2
293,x^2+11,ADD,143,11,2,2,2
294,x^2+x+1,ADD,143,13,3,2,2
295,x^2+x+2,ADD,143,14,3,2,2
296,x^2+x+3,ADD,143,15,3,2,2
297,x^2+x+4,ADD,143,16,3,2,2
298,x^2+x+5,ADD,143,17,3,2,2
299,x^2+x+6,ADD,143,18,3,2,2
300,x^2+x+7,ADD,143,19,3,2,2
301,x^2+x+8,ADD,143,20,3,2,2
302,x^2+x+9,ADD,143,21,3,2,2
303,x^2+x+10,ADD,143,22,3,2,2
304,x^2+x+11,ADD,143,23,3,2,2
305,x^2+2x+2,ADD,146,2,3,2,3
306,x^2+2x+3,ADD,146,3,3,2,3
307,x^2+2x+4,ADD,146,4,3,2,3
308,x^2+2x+5,ADD,146,5,3,2,3
309,x^2+2x+6,ADD,146,6,3,2,3
310,x^2+2x+7,ADD,146,7,3,2,3
311,x^2+2x+8,ADD,146,8,3,2,3
312,x^2+2x+9,ADD,146,9,3,2,3
313,x^2+2x+10,ADD,146,10,3,2,3
314,x^2+2x+11,ADD,146,11,3,2,3
315,x^2+3x+3,ADD,147,3,3,2,3
316,x^2+5x+5,ADD,149,5,3,2,3
317,x^2+6x+6,ADD,150,6,3,2,3
318,x^2+7x+7,ADD,151,7,3,2,3
319,x^2+8x+8,ADD,152,8,3,2,3
320,x^2+9x+9,ADD,153,9,3,2,3
321,x^2+10x+10,ADD,154,10,3,2,3
322,x^2+11x+11,ADD,155,11,3,2,3
323,x^2+3x+6,ADD,147,6,3,2,3
324,x^2+4x+8,ADD,148,8,3,2,3
325,x^2+5x+10,ADD,149,10,3,2,3
326,x^2+3x+9,ADD,147,9,3,2,3
327,x^2+3x+1,ADD,147,1,3,2,3
328,x^2+3x+4,ADD,147,4,3,2,3
329,x^2+3x+5,ADD,147,5,3,2,3
330,x^2+3x+7,ADD,147,7,3,2,3
331,x^2+3x+8,ADD,147,8,3,2,3
332,x^2+3x+10,ADD,147,10,3,2,3
333,x^2+3x+11,ADD,147,11,3,2,3
334,x^2+4x+1,ADD,148,1,3,2,3
335,x^2+4x+2,ADD,148,2,3,2,3
336,x^2+4x+5,ADD,148,5,3,2,3
337,x^2+4x+6,ADD,148,6,3,2,3
338,x^2+4x+7,ADD,148,7,3,2,3
339,x^2+4x+9,ADD,148,9,3,2,3
340,x^2+4x+10,ADD,148,10,3,2,3
341,x^2+4x+11,ADD,148,11,3,2,3
342,x^2+5x+1,ADD,149,1,3,2,3
343,x^2+5x+2,ADD,149,2,3,2,3
344,x^2+5x+3,ADD,149,3,3,2,3
345,x^2+5x+7,ADD,149,7,3,2,3
346,x^2+5x+8,ADD,149,8,3,2,3
347,x^2+5x+9,ADD,149,9,3,2,3
348,x^2+5x+11,ADD,149,11,3,2,3
349,x^2+6x+1,ADD,150,1,3,2,3
350,x^2+6x+2,ADD,150,2,3,2,3
351,x^2+6x+3,ADD,150,3,3,2,3
352,x^2+6x+4,ADD,150,4,3,2,3
353,x^2+6x+7,ADD,150,7,3,2,3
354,x^2+6x+10,ADD,150,10,3,2,3
355,x^2+6x+11,ADD,150,11,3,2,3
356,x^2+7x+1,ADD,151,1,3,2,3
357,x^2+7x+2,ADD,151,2,3,2,3
358,x^2+7x+3,ADD,151,3,3,2,3
359,x^2+7x+4,ADD,151,4,3,2,3
360,x^2+7x+5,ADD,151,5,3,2,3
361,x^2+7x+8,ADD,151,8,3,2,3
362,x^2+7x+9,ADD,151,9,3,2,3
363,x^2+7x+11,ADD,151,11,3,2,3
364,x^2+8x+1,ADD,152,1,3,2,3
365,x^2+8x+2,ADD,152,2,3,2,3
366,x^2+8x+3,ADD,152,3,3,2,3
367,x^2+8x+4,ADD,152,4,3,2,3
368,x^2+8x+5,ADD,152,5,3,2,3
369,x^2+8x+6,ADD,152,6,3,2,3
370,x^2+8x+9,ADD,152,9,3,2,3
371,x^2+8x+10,ADD,152,10,3,2,3
372,x^2+8x+11,ADD,152,11,3,2,3
373,x^2+9x+1,ADD,153,1,3,2,3
374,x^2+9x+2,ADD,153,2,3,2,3
375,x^2+9x+3,ADD,153,3,3,2,3
376,x^2+9x+4,ADD,153,4,3,2,3
377,x^2+9x+5,ADD,153,5,3,2,3
378,x^2+9x+6,ADD,153,6,3,2,3
379,x^2+9x+7,ADD,153,7,3,2,3
380,x^2+9x+10,ADD,153,10,3,2,3
381,x^2+9x+11,ADD,153,11,3,2,3
382,x^2+10x+1,ADD,154,1,3,2,3
383,x^2+10x+2,ADD,154,2,3,2,3
384,x^2+10x+3,ADD,154,3,3,2,3
385,x^2+10x+4,ADD,154,4,3,2,3
386,x^2+10x+5,ADD,154,5,3,2,3
387,x^2+10x+6,ADD,154,6,3,2,3
388,x^2+10x+7,ADD,154,7,3,2,3
389,x^2+10x+8,ADD,154,8,3,2,3
390,x^2+10x+11,ADD,154,11,3,2,3
391,x^2+11x+1,ADD,155,1,3,2,3
392,x^2+11x+2,ADD,155,2,3,2,3
393,x^2+11x+3,ADD,155,3,3,2,3
394,x^2+11x+4,ADD,155,4,3,2,3
395,x^2+11x+5,ADD,155,5,3,2,3
396,x^2+11x+6,ADD,155,6,3,2,3
397,x^2+11x+7,ADD,155,7,3,2,3
398,x^2+11x+8,ADD,155,8,3,2,3
399,x^2+11x+9,ADD,155,9,3,2,3
400,2x^2+1,ADD,144,1,3,2,3
401,2x^2+2,ADD,144,2,3,2,3
402,2x^2+3,ADD,144,3,3,2,3
403,2x^2+4,ADD,144,4,3,2,3
404,2x^2+5,ADD,144,5,3,2,3
405,2x^2+6,ADD,144,6,3,2,3
406,2x^2+7,ADD,144,7,3,2,3
407,2x^2+8,ADD,144,8,3,2,3
408,2x^2+9,ADD,144,9,3,2,3
409,2x^2+10,ADD,144,10,3,2,3
410,2x^2+11,ADD,144,11,3,2,3
411,2x^2+x+1,ADD,144,13,4,2,3
412,2x^2+x+2,ADD,144,14,4,2,3
413,2x^2+x+3,ADD,144,15,4,2,3
414,2x^2+x+4,ADD,144,16,4,2,3
415,2x^2+x+5,ADD,144,17,4,2,3
416,2x^2+x+6,ADD,144,18,4,2,3
417,2x^2+x+7,ADD,144,19,4,2,3
418,2x^2+x+8,ADD,144,20,4,2,3
419,2x^2+x+9,ADD,144,21,4,2,3
420,2x^2+x+10,ADD,144,22,4,2,3
421,2x^2+x+11,ADD,144,23,4,2,3
422,3x^2+1,ADD,156,1,3,2,3
423,3x^2+2,ADD,156,2,3,2,3
424,3x^2+3,ADD,156,3,3,2,3
425,3x^2+4,ADD,156,4,3,2,3
426,3x^2+5,ADD,156,5,3,2,3
427,3x^2+6,ADD,156,6,3,2,3
428,3x^2+7,ADD,156,7,3,2,3
429,3x^2+8,ADD,156,8,3,2,3
430,3x^2+9,ADD,156,9,3,2,3
431,3x^2+10,ADD,156,10,3,2,3
432,3x^2+11,ADD,156,11,3,2,3
433,3x^2+x+1,ADD,156,13,4,2,3
434,3x^2+x+2,ADD,156,14,4,2,3
435,3x^2+x+3,ADD,156,15,4,2,3
436,3x^2+x+4,ADD,156,16,4,2,3
437,3x^2+x+5,ADD,156,17,4,2,3
438,3x^2+x+6,ADD,156,18,4,2,3
439,3x^2+x+7,ADD,156,19,4,2,3
440,3x^2+x+8,ADD,156,20,4,2,3
441,3x^2+x+9,ADD,156,21,4,2,3
442,3x^2+x+10,ADD,156,22,4,2,3
443,3x^2+x+11,ADD,156,23,4,2,3
444,4x^2+1,ADD,157,1,3,2,3
445,4x^2+2,ADD,157,2,3,2,3
446,4x^2+3,ADD,157,3,3,2,3
447,4x^2+4,ADD,157,4,3,2,3
448,4x^2+5,ADD,157,5,3,2,3
449,4x^2+6,ADD,157,6,3,2,3
450,4x^2+7,ADD,157,7,3,2,3
451,4x^2+8,ADD,157,8,3,2,3
452,4x^2+9,ADD,157,9,3,2,3
453,4x^2+10,ADD,157,10,3,2,3
454,4x^2+11,ADD,157,11,3,2,3
455,4x^2+x+1,ADD,157,13,4,2,3
456,4x^2+x+2,ADD,157,14,4,2,3
457,4x^2+x+3,ADD,157,15,4,2,3
458,4x^2+x+4,ADD,157,16,4,2,3
459,4x^2+x+5,ADD,157,17,4,2,3
460,4x^2+x+6,ADD,157,18,4,2,3
461,4x^2+x+7,ADD,157,19,4,2,3
462,4x^2+x+8,ADD,157,20,4,2,3
463,4x^2+x+9,ADD,157,21,4,2,3
464,4x^2+x+10,ADD,157,22,4,2,3
465,4x^2+x+11,ADD,157,23,4,2,3
466,5x^2+1,ADD,158,1,3,2,3
467,5x^2+2,ADD,158,2,3,2,3
468,5x^2+3,ADD,158,3,3,2,3
469,5x^2+4,ADD,158,4,3,2,3
470,5x^2+5,ADD,158,5,3,2,3
471,5x^2+6,ADD,158,6,3,2,3
472,5x^2+7,ADD,158,7,3,2,3
473,5x^2+8,ADD,158,8,3,2,3
474,5x^2+9,ADD,158,9,3,2,3
475,5x^2+10,ADD,158,10,3,2,3
476,5x^2+11,ADD,158,11,3,2,3
477,5x^2+x+1,ADD,158,13,4,2,3
478,5x^2+x+2,ADD,158,14,4,2,3
479,5x^2+x+3,ADD,158,15,4,2,3
480,5x^2+x+4,ADD,158,16,4,2,3
481,5x^2+x+5,ADD,158,17,4,2,3
482,5x^2+x+6,ADD,158,18,4,2,3
483,5x^2+x+7,ADD,158,19,4,2,3
484,5x^2+x+8,ADD,158,20,4,2,3
485,5x^2+x+9,ADD,158,21,4,2,3
486,5x^2+x+10,ADD,158,22,4,2,3
487,5x^2+x+11,ADD,158,23,4,2,3
488,6x^2+1,ADD,159,1,3,2,3
489,6x^2+2,ADD,159,2,3,2,3
490,6x^2+3,ADD,159,3,3,2,3
491,6x^2+4,ADD,159,4,3,2,3
492,6x^2+5,ADD,159,5,3,2,3
493,6x^2+6,ADD,159,6,3,2,3
494,6x^2+7,ADD,159,7,3,2,3
495,6x^2+8,ADD,159,8,3,2,3
496,6x^2+9,ADD,159,9,3,2,3
497,6x^2+10,ADD,159,10,3,2,3
498,6x^2+11,ADD,159,11,3,2,3
499,6x^2+x+1,ADD,159,13,4,2,3
500,6x^2+x+2,ADD,159,14,4,2,3
501,6x^2+x+3,ADD,159,15,4,2,3
502,6x^2+x+4,ADD,159,16,4,2,3
503,6x^2+x+5,ADD,159,17,4,2,3
504,6x^2+x+6,ADD,159,18,4,2,3
505,6x^2+x+7,ADD,159,19,4,2,3
506,6x^2+x+8,ADD,159,20,4,2,3
507,6x^2+x+9,ADD,159,21,4,2,3
508,6x^2+x+10,ADD,159,22,4,2,3
509,6x^2+x+11,ADD,159,23,4,2,3
510,2x^2+2x+1,ADD,161,1,4,2,3
511,2x^2+2x+2,ADD,161,2,4,2,3
512,2x^2+2x+3,ADD,161,3,4,2,3
513,2x^2+2x+4,ADD,161,4,4,2,3
514,2x^2+2x+5,ADD,161,5,4,2,3
515,2x^2+2x+6,ADD,161,6,4,2,3
516,2x^2+2x+7,ADD,161,7,4,2,3
517,2x^2+2x+8,ADD,161,8,4,2,3
518,2x^2+2x+9,ADD,161,9,4,2,3
519,2x^2+2x+10,ADD,161,10,4,2,3
520,2x^2+2x+11,ADD,161,11,4,2,3
521,2x^2+3x+2,ADD,162,2,4,2,4
522,2x^2+3x+3,ADD,162,3,4,2,4
523,2x^2+3x+4,ADD,162,4,4,2,4
524,2x^2+3x+5,ADD,162,5,4,2,4
525,2x^2+3x+6,ADD,162,6,4,2,4
526,2x^2+3x+7,ADD,162,7,4,2,4
527,2x^2+3x+8,ADD,162,8,4,2,4
528,2x^2+3x+9,ADD,162,9,4,2,4
529,2x^2+3x+10,ADD,162,10,4,2,4
530,2x^2+3x+11,ADD,162,11,4,2,4
531,2x^2+4x+1,ADD,163,1,4,2,3
532,2x^2+4x+3,ADD,163,3,4,2,3
533,2x^2+4x+4,ADD,163,4,4,2,3
534,2x^2+4x+5,ADD,163,5,4,2,3
535,2x^2+4x+6,ADD,163,6,4,2,3
536,2x^2+4x+7,ADD,163,7,4,2,3
537,2x^2+4x+8,ADD,163,8,4,2,3
538,2x^2+4x+9,ADD,163,9,4,2,3
539,2x^2+4x+10,ADD,163,10,4,2,3
540,2x^2+4x+11,ADD,163,11,4,2,3
541,2x^2+5x+1,ADD,164,1,4,2,4
542,2x^2+5x+4,ADD,164,4,4,2,4
543,2x^2+5x+5,ADD,164,5,4,2,4
544,2x^2+5x+6,ADD,164,6,4,2,4
545,2x^2+5x+7,ADD,164,7,4,2,4
546,2x^2+5x+8,ADD,164,8,4,2,4
547,2x^2+5x+9,ADD,164,9,4,2,4
548,2x^2+5x+10,ADD,164,10,4,2,4
549,2x^2+5x+11,ADD,164,11,4,2,4
550,2x^2+6x+1,ADD,165,1,4,2,3
551,2x^2+6x+2,ADD,165,2,4,2,3
552,2x^2+6x+3,ADD,165,3,4,2,3
553,2x^2+6x+5,ADD,165,5,4,2,3
554,2x^2+6x+6,ADD,165,6,4,2,3
555,2x^2+6x+7,ADD,165,7,4,2,3
556,2x^2+6x+8,ADD,165,8,4,2,3
557,2x^2+6x+9,ADD,165,9,4,2,3
558,2x^2+6x+10,ADD,165,10,4,2,3
559,2x^2+6x+11,ADD,165,11,4,2,3
560,2x^2+7x+1,ADD,166,1,4,2,4
561,2x^2+7x+2,ADD,166,2,4,2,4
562,2x^2+7x+4,ADD,166,4,4,2,4
563,2x^2+7x+7,ADD,166,7,4,2,4
564,2x^2+7x+8,ADD,166,8,4,2,4
565,2x^2+7x+9,ADD,166,9,4,2,4
566,2x^2+7x+10,ADD,166,10,4,2,4
567,2x^2+7x+11,ADD,166,11,4,2,4
568,2x^2+8x+1,ADD,167,1,4,2,3
569,2x^2+8x+2,ADD,167,2,4,2,3
570,2x^2+8x+3,ADD,167,3,4,2,3
571,2x^2+8x+4,ADD,167,4,4,2,3
572,2x^2+8x+5,ADD,167,5,4,2,3
573,2x^2+8x+7,ADD,167,7,4,2,3
574,2x^2+8x+9,ADD,167,9,4,2,3
575,2x^2+8x+10,ADD,167,10,4,2,3
576,2x^2+8x+11,ADD,167,11,4,2,3
577,2x^2+9x+1,ADD,168,1,4,2,4
578,2x^2+9x+2,ADD,168,2,4,2,4
579,2x^2+9x+3,ADD,168,3,4,2,4
580,2x^2+9x+5,ADD,168,5,4,2,4
581,2x^2+9x+6,ADD,168,6,4,2,4
582,2x^2+9x+8,ADD,168,8,4,2,4
583,2x^2+9x+11,ADD,168,11,4,2,4
584,2x^2+10x+1,ADD,169,1,4,2,3
585,2x^2+10x+2,ADD,169,2,4,2,3
586,2x^2+10x+3,ADD,169,3,4,2,3
587,2x^2+10x+4,ADD,169,4,4,2,3
588,2x^2+10x+5,ADD,169,5,4,2,3
589,2x^2+10x+6,ADD,169,6,4,2,3
590,2x^2+10x+7,ADD,169,7,4,2,3
591,2x^2+10x+9,ADD,169,9,4,2,3
592,2x^2+10x+10,ADD,169,10,4,2,3
593,2x^2+10x+11,ADD,169,11,4,2,3
594,2x^2+11x+1,ADD,170,1,4,2,4
595,2x^2+11x+2,ADD,170,2,4,2,4
596,2x^2+11x+3,ADD,170,3,4,2,4
597,2x^2+11x+4,ADD,170,4,4,2,4
598,2x^2+11x+6,ADD,170,6,4,2,4
599,2x^2+11x+7,ADD,170,7,4,2,4
600,2x^2+11x+8,ADD,170,8,4,2,4
601,2x^2+11x+10,ADD,170,10,4,2,4
602,2x^2+11x+11,ADD,170,11,4,2,4
603,3x^2+3x+1,ADD,171,1,4,2,3
604,3x^2+3x+2,ADD,171,2,4,2,3
605,3x^2+3x+3,ADD,171,3,4,2,3
606,3x^2+3x+4,ADD,171,4,4,2,3
607,3x^2+3x+5,ADD,171,5,4,2,3
608,3x^2+3x+6,ADD,171,6,4,2,3
609,3x^2+3x+7,ADD,171,7,4,2,3
610,3x^2+3x+8,ADD,171,8,4,2,3
611,3x^2+3x+9,ADD,171,9,4,2,3
612,3x^2+3x+10,ADD,171,10,4,2,3
613,3x^2+3x+11,ADD,171,11,4,2,3
614,4x^2+4x+1,ADD,172,1,4,2,3
615,4x^2+4x+2,ADD,172,2,4,2,3
616,4x^2+4x+3,ADD,172,3,4,2,3
617,4x^2+4x+4,ADD,172,4,4,2,3
618,4x^2+4x+5,ADD,172,5,4,2,3
619,4x^2+4x+6,ADD,172,6,4,2,3
620,4x^2+4x+7,ADD,172,7,4,2,3
621,4x^2+4x+8,ADD,172,8,4,2,3
622,4x^2+4x+9,ADD,172,9,4,2,3
623,4x^2+4x+10,ADD,172,10,4,2,3
624,4x^2+4x+11,ADD,172,11,4,2,3
625,5x^2+5x+1,ADD,173,1,4,2,3
626,5x^2+5x+2,ADD,173,2,4,2,3
627,5x^2+5x+3,ADD,173,3,4,2,3
628,5x^2+5x+4,ADD,173,4,4,2,3
629,5x^2+5x+5,ADD,173,5,4,2,3
630,5x^2+5x+6,ADD,173,6,4,2,3
631,5x^2+5x+7,ADD,173,7,4,2,3
632,5x^2+5x+8,ADD,173,8,4,2,3
633,5x^2+5x+9,ADD,173,9,4,2,3
634,5x^2+5x+10,ADD,173,10,4,2,3
635,5x^2+5x+11,ADD,173,11,4,2,3
636,6x^2+6x+1,ADD,174,1,4,2,3
637,6x^2+6x+2,ADD,174,2,4,2,3
638,6x^2+6x+3,ADD,174,3,4,2,3
639,6x^2+6x+4,ADD,174,4,4,2,3
640,6x^2+6x+5,ADD,174,5,4,2,3
641,6x^2+6x+6,ADD,174,6,4,2,3
642,6x^2+6x+7,ADD,174,7,4,2,3
643,6x^2+6x+8,ADD,174,8,4,2,3
644,6x^2+6x+9,ADD,174,9,4,2,3
645,6x^2+6x+10,ADD,174,10,4,2,3
646,6x^2+6x+11,ADD,174,11,4,2,3
647,3x^2+6x+1,ADD,175,1,4,2,3
648,3x^2+6x+2,ADD,175,2,4,2,3
649,3x^2+6x+4,ADD,175,4,4,2,3
650,3x^2+6x+5,ADD,175,5,4,2,3
651,3x^2+6x+6,ADD,175,6,4,2,3
652,3x^2+6x+7,ADD,175,7,4,2,3
653,3x^2+6x+8,ADD,175,8,4,2,3
654,3x^2+6x+9,ADD,175,9,4,2,3
655,3x^2+6x+10,ADD,175,10,4,2,3
656,3x^2+6x+11,ADD,175,11,4,2,3
657,4x^2+8x+1,ADD,176,1,4,2,3
658,4x^2+8x+2,ADD,176,2,4,2,3
659,4x^2+8x+3,ADD,176,3,4,2,3
660,4x^2+8x+5,ADD,176,5,4,2,3
661,4x^2+8x+6,ADD,176,6,4,2,3
662,4x^2+8x+7,ADD,176,7,4,2,3
663,4x^2+8x+8,ADD,176,8,4,2,3
664,4x^2+8x+9,ADD,176,9,4,2,3
665,4x^2+8x+10,ADD,176,10,4,2,3
666,4x^2+8x+11,ADD,176,11,4,2,3
667,5x^2+10x+1,ADD,177,1,4,2,3
668,5x^2+10x+2,ADD,177,2,4,2,3
669,5x^2+10x+3,ADD,177,3,4,2,3
670,5x^2+10x+4,ADD,177,4,4,2,3
671,5x^2+10x+6,ADD,177,6,4,2,3
672,5x^2+10x+7,ADD,177,7,4,2,3
673,5x^2+10x+8,ADD,177,8,4,2,3
674,5x^2+10x+9,ADD,177,9,4,2,3
675,5x^2+10x+10,ADD,177,10,4,2,3
676,5x^2+10x+11,ADD,177,11,4,2,3
677,3x^2+9x+1,ADD,178,1,4,2,3
678,3x^2+9x+2,ADD,178,2,4,2,3
679,3x^2+9x+3,ADD,178,3,4,2,3
680,3x^2+9x+4,ADD,178,4,4,2,3
681,3x^2+9x+5,ADD,178,5,4,2,3
682,3x^2+9x+7,ADD,178,7,4,2,3
683,3x^2+9x+8,ADD,178,8,4,2,3
684,3x^2+9x+9,ADD,178,9,4,2,3
685,3x^2+9x+10,ADD,178,10,4,2,3
686,3x^2+9x+11,ADD,178,11,4,2,3
687,3x^2+2x+1,ADD,180,1,4,2,4
688,3x^2+2x+2,ADD,180,2,4,2,4
689,3x^2+2x+3,ADD,180,3,4,2,4
690,3x^2+2x+4,ADD,180,4,4,2,4
691,3x^2+2x+5,ADD,180,5,4,2,4
692,3x^2+2x+6,ADD,180,6,4,2,4
693,3x^2+2x+7,ADD,180,7,4,2,4
694,3x^2+2x+8,ADD,180,8,4,2,4
695,3x^2+2x+9,ADD,180,9,4,2,4
696,3x^2+2x+10,ADD,180,10,4,2,4
697,3x^2+2x+11,ADD,180,11,4,2,4
698,3x^2+4x+2,ADD,181,2,4,2,4
699,3x^2+4x+3,ADD,181,3,4,2,4
700,3x^2+4x+4,ADD,181,4,4,2,4
701,3x^2+4x+5,ADD,181,5,4,2,4
702,3x^2+4x+6,ADD,181,6,4,2,4
703,3x^2+4x+7,ADD,181,7,4,2,4
704,3x^2+4x+8,ADD,181,8,4,2,4
705,3x^2+4x+9,ADD,181,9,4,2,4
706,3x^2+4x+10,ADD,181,10,4,2,4
707,3x^2+4x+11,ADD,181,11,4,2,4
708,3x^2+5x+1,ADD,182,1,4,2,4
709,3x^2+5x+3,ADD,182,3,4,2,4
710,3x^2+5x+4,ADD,182,4,4,2,4
711,3x^2+5x+5,ADD,182,5,4,2,4
712,3x^2+5x+6,ADD,182,6,4,2,4
713,3x^2+5x+7,ADD,182,7,4,2,4
714,3x^2+5x+8,ADD,182,8,4,2,4
715,3x^2+5x+9,ADD,182,9,4,2,4
716,3x^2+5x+10,ADD,182,10,4,2,4
717,3x^2+5x+11,ADD,182,11,4,2,4
718,3x^2+7x+1,ADD,183,1,4,2,4
719,3x^2+7x+3,ADD,183,3,4,2,4
720,3x^2+7x+5,ADD,183,5,4,2,4
721,3x^2+7x+6,ADD,183,6,4,2,4
722,3x^2+7x+7,ADD,183,7,4,2,4
723,3x^2+7x+8,ADD,183,8,4,2,4
724,3x^2+7x+9,ADD,183,9,4,2,4
725,3x^2+7x+10,ADD,183,10,4,2,4
726,3x^2+7x+11,ADD,183,11,4,2,4
727,3x^2+8x+1,ADD,184,1,4,2,4
728,3x^2+8x+2,ADD,184,2,4,2,4
729,3x^2+8x+3,ADD,184,3,4,2,4
730,3x^2+8x+6,ADD,184,6,4,2,4
731,3x^2+8x+7,ADD,184,7,4,2,4
732,3x^2+8x+8,ADD,184,8,4,2,4
733,3x^2+8x+9,ADD,184,9,4,2,4
734,3x^2+8x+10,ADD,184,10,4,2,4
735,3x^2+8x+11,ADD,184,11,4,2,4
736,3x^2+10x+1,ADD,185,1,4,2,4
737,3x^2+10x+2,ADD,185,2,4,2,4
738,3x^2+10x+4,ADD,185,4,4,2,4
739,3x^2+10x+5,ADD,185,5,4,2,4
740,3x^2+10x+6,ADD,185,6,4,2,4
741,3x^2+10x+9,ADD,185,9,4,2,4
742,3x^2+10x+10,ADD,185,10,4,2,4
743,3x^2+10x+11,ADD,185,11,4,2,4
744,3x^2+11x+1,ADD,186,1,4,2,4
745,3x^2+11x+2,ADD,186,2,4,2,4
746,3x^2+11x+3,ADD,186,3,4,2,4
747,3x^2+11x+4,ADD,186,4,4,2,4
748,3x^2+11x+5,ADD,186,5,4,2,4
749,3x^2+11x+7,ADD,186,7,4,2,4
750,3x^2+11x+9,ADD,186,9,4,2,4
751,3x^2+11x+11,ADD,186,11,4,2,4
752,4x^2+2x+1,ADD,188,1,4,2,4
753,4x^2+2x+2,ADD,188,2,4,2,4
754,4x^2+2x+3,ADD,188,3,4,2,4
755,4x^2+2x+4,ADD,188,4,4,2,4
756,4x^2+2x+5,ADD,188,5,4,2,4
757,4x^2+2x+6,ADD,188,6,4,2,4
758,4x^2+2x+7,ADD,188,7,4,2,4
759,4x^2+2x+8,ADD,188,8,4,2,4
760,4x^2+2x+9,ADD,188,9,4,2,4
761,4x^2+2x+10,ADD,188,10,4,2,4
762,4x^2+2x+11,ADD,188,11,4,2,4
763,4x^2+3x+1,ADD,189,1,4,2,4
764,4x^2+3x+2,ADD,189,2,4,2,4
765,4x^2+3x+3,ADD,189,3,4,2,4
766,4x^2+3x+4,ADD,189,4,4,2,4
767,4x^2+3x+5,ADD,189,5,4,2,4
768,4x^2+3x+6,ADD,189,6,4,2,4
769,4x^2+3x+7,ADD,189,7,4,2,4
770,4x^2+3x+8,ADD,189,8,4,2,4
771,4x^2+3x+9,ADD,189,9,4,2,4
772,4x^2+3x+10,ADD,189,10,4,2,4
773,4x^2+3x+11,ADD,189,11,4,2,4
774,4x^2+5x+2,ADD,190,2,4,2,4
775,4x^2+5x+3,ADD,190,3,4,2,4
776,4x^2+5x+4,ADD,190,4,4,2,4
777,4x^2+5x+5,ADD,190,5,4,2,4
778,4x^2+5x+6,ADD,190,6,4,2,4
779,4x^2+5x+7,ADD,190,7,4,2,4
780,4x^2+5x+8,ADD,190,8,4,2,4
781,4x^2+5x+9,ADD,190,9,4,2,4
782,4x^2+5x+10,ADD,190,10,4,2,4
783,4x^2+5x+11,ADD,190,11,4,2,4
784,4x^2+6x+1,ADD,191,1,4,2,4
785,4x^2+6x+3,ADD,191,3,4,2,4
786,4x^2+6x+4,ADD,191,4,4,2,4
787,4x^2+6x+5,ADD,191,5,4,2,4
788,4x^2+6x+6,ADD,191,6,4,2,4
789,4x^2+6x+7,ADD,191,7,4,2,4
790,4x^2+6x+8,ADD,191,8,4,2,4
791,4x^2+6x+9,ADD,191,9,4,2,4
792,4x^2+6x+10,ADD,191,10,4,2,4
793,4x^2+6x+11,ADD,191,11,4,2,4
794,4x^2+7x+1,ADD,192,1,4,2,4
795,4x^2+7x+2,ADD,192,2,4,2,4
796,4x^2+7x+4,ADD,192,4,4,2,4
797,4x^2+7x+5,ADD,192,5,4,2,4
798,4x^2+7x+6,ADD,192,6,4,2,4
799,4x^2+7x+7,ADD,192,7,4,2,4
800,4x^2+7x+8,ADD,192,8,4,2,4
801,4x^2+7x+9,ADD,192,9,4,2,4
802,4x^2+7x+10,ADD,192,10,4,2,4
803,4x^2+7x+11,ADD,192,11,4,2,4
804,4x^2+9x+1,ADD,193,1,4,2,4
805,4x^2+9x+3,ADD,193,3,4,2,4
806,4x^2+9x+4,ADD,193,4,4,2,4
807,4x^2+9x+6,ADD,193,6,4,2,4
808,4x^2+9x+7,ADD,193,7,4,2,4
809,4x^2+9x+8,ADD,193,8,4,2,4
810,4x^2+9x+9,ADD,193,9,4,2,4
811,4x^2+9x+10,ADD,193,10,4,2,4
812,4x^2+9x+11,ADD,193,11,4,2,4
813,4x^2+10x+1,ADD,194,1,4,2,4
814,4x^2+10x+2,ADD,194,2,4,2,4
815,4x^2+10x+3,ADD,194,3,4,2,4
816,4x^2+10x+5,ADD,194,5,4,2,4
817,4x^2+10x+7,ADD,194,7,4,2,4
818,4x^2+10x+8,ADD,194,8,4,2,4
819,4x^2+10x+9,ADD,194,9,4,2,4
820,4x^2+10x+10,ADD,194,10,4,2,4
821,4x^2+10x+11,ADD,194,11,4,2,4
822,4x^2+11x+1,ADD,195,1,4,2,4
823,4x^2+11x+2,ADD,195,2,4,2,4
824,4x^2+11x+3,ADD,195,3,4,2,4
825,4x^2+11x+4,ADD,195,4,4,2,4
826,4x^2+11x+5,ADD,195,5,4,2,4
827,4x^2+11x+8,ADD,195,8,4,2,4
828,4x^2+11x+9,ADD,195,9,4,2,4
829,4x^2+11x+10,ADD,195,10,4,2,4
830,4x^2+11x+11,ADD,195,11,4,2,4
831,5x^2+2x+1,ADD,197,1,4,2,4
832,5x^2+2x+2,ADD,197,2,4,2,4
833,5x^2+2x+3,ADD,197,3,4,2,4
834,5x^2+2x+4,ADD,197,4,4,2,4
835,5x^2+2x+5,ADD,197,5,4,2,4
836,5x^2+2x+6,ADD,197,6,4,2,4
837,5x^2+2x+7,ADD,197,7,4,2,4
838,5x^2+2x+8,ADD,197,8,4,2,4
839,5x^2+2x+9,ADD,197,9,4,2,4
840,5x^2+2x+10,ADD,197,10,4,2,4
841,5x^2+2x+11,ADD,197,11,4,2,4
842,5x^2+3x+1,ADD,198,1,4,2,4
843,5x^2+3x+2,ADD,198,2,4,2,4
844,5x^2+3x+3,ADD,198,3,4,2,4
845,5x^2+3x+4,ADD,198,4,4,2,4
846,5x^2+3x+5,ADD,198,5,4,2,4
847,5x^2+3x+6,ADD,198,6,4,2,4
848,5x^2+3x+7,ADD,198,7,4,2,4
849,5x^2+3x+8,ADD,198,8,4,2,4
850,5x^2+3x+9,ADD,198,9,4,2,4
851,5x^2+3x+10,ADD,198,10,4,2,4
852,5x^2+3x+11,ADD,198,11,4,2,4
853,5x^2+4x+1,ADD,199,1,4,2,4
854,5x^2+4x+2,ADD,199,2,4,2,4
855,5x^2+4x+3,ADD,199,3,4,2,4
856,5x^2+4x+4,ADD,199,4,4,2,4
857,5x^2+4x+5,ADD,199,5,4,2,4
858,5x^2+4x+6,ADD,199,6,4,2,4
859,5x^2+4x+7,ADD,199,7,4,2,4
860,5x^2+4x+8,ADD,199,8,4,2,4
861,5x^2+4x+9,ADD,199,9,4,2,4
862,5x^2+4x+10,ADD,199,10,4,2,4
863,5x^2+4x+11,ADD,199,11,4,2,4
864,5x^2+6x+2,ADD,200,2,4,2,4
865,5x^2+6x+3,ADD,200,3,4,2,4
866,5x^2+6x+4,ADD,200,4,4,2,4
867,5x^2+6x+5,ADD,200,5,4,2,4
868,5x^2+6x+6,ADD,200,6,4,2,4
869,5x^2+6x+7,ADD,200,7,4,2,4
870,5x^2+6x+8,ADD,200,8,4,2,4
871,5x^2+6x+9,ADD,200,9,4,2,4
872,5x^2+6x+10,ADD,200,10,4,2,4
873,5x^2+6x+11,ADD,200,11,4,2,4
874,5x^2+7x+1,ADD,201,1,4,2,4
875,5x^2+7x+3,ADD,201,3,4,2,4
876,5x^2+7x+4,ADD,201,4,4,2,4
877,5x^2+7x+5,ADD,201,5,4,2,4
878,5x^2+7x+6,ADD,201,6,4,2,4
879,5x^2+7x+7,ADD,201,7,4,2,4
880,5x^2+7x+8,ADD,201,8,4,2,4
881,5x^2+7x+9,ADD,201,9,4,2,4
882,5x^2+7x+10,ADD,201,10,4,2,4
883,5x^2+7x+11,ADD,201,11,4,2,4
884,5x^2+8x+1,ADD,202,1,4,2,4
885,5x^2+8x+2,ADD,202,2,4,2,4
886,5x^2+8x+4,ADD,202,4,4,2,4
887,5x^2+8x+5,ADD,202,5,4,2,4
888,5x^2+8x+6,ADD,202,6,4,2,4
889,5x^2+8x+7,ADD,202,7,4,2,4
890,5x^2+8x+8,ADD,202,8,4,2,4
891,5x^2+8x+9,ADD,202,9,4,2,4
892,5x^2+8x+10,ADD,202,10,4,2,4
893,5x^2+8x+11,ADD,202,11,4,2,4
894,5x^2+9x+1,ADD,203,1,4,2,4
895,5x^2+9x+2,ADD,203,2,4,2,4
896,5x^2+9x+3,ADD,203,3,4,2,4
897,5x^2+9x+5,ADD,203,5,4,2,4
898,5x^2+9x+6,ADD,203,6,4,2,4
899,5x^2+9x+7,ADD,203,7,4,2,4
900,5x^2+9x+8,ADD,203,8,4,2,4
901,5x^2+9x+9,ADD,203,9,4,2,4
902,5x^2+9x+10,ADD,203,10,4,2,4
903,5x^2+9x+11,ADD,203,11,4,2,4
904,5x^2+11x+1,ADD,204,1,4,2,4
905,5x^2+11x+3,ADD,204,3,4,2,4
906,5x^2+11x+4,ADD,204,4,4,2,4
907,5x^2+11x+5,ADD,204,5,4,2,4
908,5x^2+11x+7,ADD,204,7,4,2,4
909,5x^2+11x+8,ADD,204,8,4,2,4
910,5x^2+11x+9,ADD,204,9,4,2,4
911,5x^2+11x+10,ADD,204,10,4,2,4
912,5x^2+11x+11,ADD,204,11,4,2,4
913,6x^2+2x+1,ADD,206,1,4,2,4
914,6x^2+2x+2,ADD,206,2,4,2,4
915,6x^2+2x+3,ADD,206,3,4,2,4
916,6x^2+2x+4,ADD,206,4,4,2,4
917,6x^2+2x+5,ADD,206,5,4,2,4
918,6x^2+2x+6,ADD,206,6,4,2,4
919,6x^2+2x+7,ADD,206,7,4,2,4
920,6x^2+2x+8,ADD,206,8,4,2,4
921,6x^2+2x+9,ADD,206,9,4,2,4
922,6x^2+2x+10,ADD,206,10,4,2,4
923,6x^2+2x+11,ADD,206,11,4,2,4
924,6x^2+3x+1,ADD,207,1,4,2,4
925,6x^2+3x+2,ADD,207,2,4,2,4
926,6x^2+3x+3,ADD,207,3,4,2,4
927,6x^2+3x+4,ADD,207,4,4,2,4
928,6x^2+3x+5,ADD,207,5,4,2,4
929,6x^2+3x+6,ADD,207,6,4,2,4
930,6x^2+3x+7,ADD,207,7,4,2,4
931,6x^2+3x+8,ADD,207,8,4,2,4
932,6x^2+3x+9,ADD,207,9,4,2,4
933,6x^2+3x+10,ADD,207,10,4,2,4
934,6x^2+3x+11,ADD,207,11,4,2,4
935,6x^2+4x+1,ADD,208,1,4,2,4
936,6x^2+4x+2,ADD,208,2,4,2,4
937,6x^2+4x+3,ADD,208,3,4,2,4
938,6x^2+4x+4,ADD,208,4,4,2,4
939,6x^2+4x+5,ADD,208,5,4,2,4
940,6x^2+4x+6,ADD,208,6,4,2,4
941,6x^2+4x+7,ADD,208,7,4,2,4
942,6x^2+4x+8,ADD,208,8,4,2,4
943,6x^2+4x+9,ADD,208,9,4,2,4
944,6x^2+4x+10,ADD,208,10,4,2,4
945,6x^2+4x+11,ADD,208,11,4,2,4
946,6x^2+5x+1,ADD,209,1,4,2,4
947,6x^2+5x+2,ADD,209,2,4,2,4
948,6x^2+5x+3,ADD,209,3,4,2,4
949,6x^2+5x+4,ADD,209,4,4,2,4
950,6x^2+5x+5,ADD,209,5,4,2,4
951,6x^2+5x+6,ADD,209,6,4,2,4
952,6x^2+5x+7,ADD,209,7,4,2,4
953,6x^2+5x+8,ADD,209,8,4,2,4
954,6x^2+5x+9,ADD,209,9,4,2,4
955,6x^2+5x+10,ADD,209,10,4,2,4
956,6x^2+5x+11,ADD,209,11,4,2,4
957,6x^2+7x+2,ADD,210,2,4,2,4
958,6x^2+7x+3,ADD,210,3,4,2,4
959,6x^2+7x+4,ADD,210,4,4,2,4
960,6x^2+7x+5,ADD,210,5,4,2,4
961,6x^2+7x+6,ADD,210,6,4,2,4
962,6x^2+7x+7,ADD,210,7,4,2,4
963,6x^2+7x+8,ADD,210,8,4,2,4
964,6x^2+7x+9,ADD,210,9,4,2,4
965,6x^2+7x+10,ADD,210,10,4,2,4
966,6x^2+7x+11,ADD,210,11,4,2,4
967,6x^2+8x+1,ADD,211,1,4,2,4
968,6x^2+8x+3,ADD,211,3,4,2,4
969,6x^2+8x+4,ADD,211,4,4,2,4
970,6x^2+8x+5,ADD,211,5,4,2,4
971,6x^2+8x+6,ADD,211,6,4,2,4
972,6x^2+8x+7,ADD,211,7,4,2,4
973,6x^2+8x+8,ADD,211,8,4,2,4
974,6x^2+8x+9,ADD,211,9,4,2,4
975,6x^2+8x+10,ADD,211,10,4,2,4
976,6x^2+8x+11,ADD,211,11,4,2,4
977,6x^2+9x+1,ADD,212,1,4,2,4
978,6x^2+9x+2,ADD,212,2,4,2,4
979,6x^2+9x+4,ADD,212,4,4,2,4
980,6x^2+9x+5,ADD,212,5,4,2,4
981,6x^2+9x+6,ADD,212,6,4,2,4
982,6x^2+9x+7,ADD,212,7,4,2,4
983,6x^2+9x+8,ADD,212,8,4,2,4
984,6x^2+9x+9,ADD,212,9,4,2,4
985,6x^2+9x+10,ADD,212,10,4,2,4
986,6x^2+9x+11,ADD,212,11,4,2,4
987,6x^2+10x+1,ADD,213,1,4,2,4
988,6x^2+10x+2,ADD,213,2,4,2,4
989,6x^2+10x+3,ADD,213,3,4,2,4
990,6x^2+10x+5,ADD,213,5,4,2,4
991,6x^2+10x+6,ADD,213,6,4,2,4
992,6x^2+10x+7,ADD,213,7,4,2,4
993,6x^2+10x+8,ADD,213,8,4,2,4
994,6x^2+10x+9,ADD,213,9,4,2,4
995,6x^2+10x+10,ADD,213,10,4,2,4
996,6x^2+10x+11,ADD,213,11,4,2,4
997,6x^2+11x+1,ADD,214,1,4,2,4
998,6x^2+11x+2,ADD,214,2,4,2,4
999,6x^2+11x+3,ADD,214,3,4,2,4
1000,6x^2+11x+4,ADD,214,4,4,2,4
1001,6x^2+11x+6,ADD,214,6,4,2,4
1002,6x^2+11x+7,ADD,214,7,4,2,4
1003,6x^2+11x+8,ADD,214,8,4,2,4
1004,6x^2+11x+9,ADD,214,9,4,2,4
1005,6x^2+11x+10,ADD,214,10,4,2,4
1006,6x^2+11x+11,ADD,214,11,4,2,4
1007,x^3,MULT,0,143,2,3,2
1008,x^3+x^2,MULT,13,143,3,3,2
1009,x^3+2x^2,MULT,14,143,3,3,2
1010,x^3+3x^2,MULT,15,143,3,3,2
1011,x^3+4x^2,MULT,16,143,3,3,2
1012,x^3+5x^2,MULT,17,143,3,3,2
1013,x^3+6x^2,MULT,18,143,3,3,2
1014,x^3+x,MULT,0,283,3,3,3
1015,x^3+2x,MULT,0,284,3,3,3
1016,x^3+3x,MULT,0,285,3,3,3
1017,x^3+4x,MULT,0,286,3,3,3
1018,x^3+5x,MULT,0,287,3,3,3
1019,x^3+6x,MULT,0,288,3,3,3
1020,x^3+7x,MULT,0,289,3,3,3
1021,x^3+8x,MULT,0,290,3,3,3
1022,x^3+9x,MULT,0,291,3,3,3
1023,x^3+10x,MULT,0,292,3,3,3
1024,x^3+11x,MULT,0,293,3,3,3
1025,x^3+2x^2+x,MULT,0,215,4,3,3
1026,x^3+3x^2+2x,MULT,0,216,4,3,3
1027,x^3+4x^2+3x,MULT,0,217,4,3,3
1028,x^3+5x^2+4x,MULT,0,218,4,3,3
1029,x^3+6x^2+5x,MULT,0,219,4,3,3
1030,x^3+4x^2+4x,MULT,0,260,4,3,3
1031,x^3+5x^2+6x,MULT,0,261,4,3,3
1032,x^3+6x^2+8x,MULT,0,262,4,3,3
1033,x^3+6x^2+9x,MULT,0,276,4,3,3
1034,x^3+x^2+x,MULT,0,294,4,3,3
1035,x^3+x^2+2x,MULT,0,295,4,3,3
1036,x^3+x^2+3x,MULT,0,296,4,3,3
1037,x^3+x^2+4x,MULT,0,297,4,3,3
1038,x^3+x^2+5x,MULT,0,298,4,3,3
1039,x^3+x^2+6x,MULT,0,299,4,3,3
1040,x^3+x^2+7x,MULT,0,300,4,3,3
1041,x^3+x^2+8x,MULT,0,301,4,3,3
1042,x^3+x^2+9x,MULT,0,302,4,3,3
1043,x^3+x^2+10x,MULT,0,303,4,3,3
1044,x^3+x^2+11x,MULT,0,304,4,3,3
1045,x^3+2x^2+2x,MULT,0,305,4,3,4
1046,x^3+2x^2+3x,MULT,0,306,4,3,4
1047,x^3+2x^2+4x,MULT,0,307,4,3,4
1048,x^3+2x^2+5x,MULT,0,308,4,3,4
1049,x^3+2x^2+6x,MULT,0,309,4,3,4
1050,x^3+2x^2+7x,MULT,0,310,4,3,4
1051,x^3+2x^2+8x,MULT,0,311,4,3,4
1052,x^3+2x^2+9x,MULT,0,312,4,3,4
1053,x^3+2x^2+10x,MULT,0,313,4,3,4
1054,x^3+2x^2+11x,MULT,0,314,4,3,4
1055,x^3+3x^2+3x,MULT,0,315,4,3,4
1056,x^3+5x^2+5x,MULT,0,316,4,3,4
1057,x^3+6x^2+6x,MULT,0,317,4,3,4
1058,x^3+3x^2+6x,MULT,0,323,4,3,4
1059,x^3+4x^2+8x,MULT,0,324,4,3,4
1060,x^3+5x^2+10x,MULT,0,325,4,3,4
1061,x^3+3x^2+9x,MULT,0,326,4,3,4
1062,x^3+3x^2+x,ADD,1010,0,4,3,3
1063,x^3+3x^2+4x,MULT,0,328,4,3,4
1064,x^3+3x^2+5x,MULT,0,329,4,3,4
1065,x^3+3x^2+7x,MULT,0,330,4,3,4
1066,x^3+3x^2+8x,MULT,0,331,4,3,4
1067,x^3+3x^2+10x,MULT,0,332,4,3,4
1068,x^3+3x^2+11x,MULT,0,333,4,3,4
1069,x^3+4x^2+x,ADD,1011,0,4,3,3
1070,x^3+4x^2+2x,MULT,0,335,4,3,4
1071,x^3+4x^2+5x,MULT,0,336,4,3,4
1072,x^3+4x^2+6x,MULT,0,337,4,3,4
1073,x^3+4x^2+7x,MULT,0,338,4,3,4
1074,x^3+4x^2+9x,MULT,0,339,4,3,4
1075,x^3+4x^2+10x,MULT,0,340,4,3,4
1076,x^3+4x^2+11x,MULT,0,341,4,3,4
1077,x^3+5x^2+x,ADD,1012,0,4,3,3
1078,x^3+5x^2+2x,MULT,0,343,4,3,4
1079,x^3+5x^2+3x,MULT,0,344,4,3,4
1080,x^3+5x^2+7x,MULT,0,345,4,3,4
1081,x^3+5x^2+8x,MULT,0,346,4,3,4
1082,x^3+5x^2+9x,MULT,0,347,4,3,4
1083,x^3+5x^2+11x,MULT,0,348,4,3,4
1084,x^3+6x^2+x,ADD,1013,0,4,3,3
1085,x^3+6x^2+2x,MULT,0,350,4,3,4
1086,x^3+6x^2+3x,MULT,0,351,4,3,4
1087,x^3+6x^2+4x,MULT,0,352,4,3,4
1088,x^3+6x^2+7x,MULT,0,353,4,3,4
1089,x^3+6x^2+10x,MULT,0,354,4,3,4
1090,x^3+6x^2+11x,MULT,0,355,4,3,4
1091,x^3+x^2+x+1,MULT,13,283,4,3,3
1092,x^3+x^2+2x+2,MULT,13,284,4,3,3
1093,x^3+x^2+3x+3,MULT,13,285,4,3,3
1094,x^3+x^2+4x+4,MULT,13,286,4,3,3
1095,x^3+x^2+5x+5,MULT,13,287,4,3,3
1096,x^3+x^2+6x+6,MULT,13,288,4,3,3
1097,x^3+x^2+7x+7,MULT,13,289,4,3,3
1098,x^3+x^2+8x+8,MULT,13,290,4,3,3
1099,x^3+x^2+9x+9,MULT,13,291,4,3,3
1100,x^3+x^2+10x+10,MULT,13,292,4,3,3
1101,x^3+x^2+11x+11,MULT,13,293,4,3,3
1102,x^3+3x^2+3x+1,MULT,13,215,5,3,3
1103,x^3+4x^2+5x+2,MULT,13,216,5,3,3
1104,x^3+5x^2+7x+3,MULT,13,217,5,3,3
1105,x^3+6x^2+9x+4,MULT,13,218,5,3,3
1106,x^3+5x^2+8x+4,MULT,13,260,5,3,3
1107,x^3+6x^2+11x+6,MULT,13,261,5,3,3
1108,x^3+2x^2+2x+1,MULT,13,294,5,3,3
1109,x^3+2x^2+3x+2,MULT,13,295,5,3,3
1110,x^3+2x^2+4x+3,MULT,13,296,5,3,3
1111,x^3+2x^2+5x+4,MULT,13,297,5,3,3
1112,x^3+2x^2+6x+5,MULT,13,298,5,3,3
1113,x^3+2x^2+7x+6,MULT,13,299,5,3,3
1114,x^3+2x^2+8x+7,MULT,13,300,5,3,3
1115,x^3+2x^2+9x+8,MULT,13,301,5,3,3
1116,x^3+2x^2+10x+9,MULT,13,302,5,3,3
1117,x^3+2x^2+11x+10,MULT,13,303,5,3,3
1118,x^3+3x^2+4x+2,MULT,13,305,5,3,4
1119,x^3+3x^2+5x+3,MULT,13,306,5,3,4
1120,x^3+3x^2+6x+4,MULT,13,307,5,3,4
1121,x^3+3x^2+7x+5,MULT,13,308,5,3,4
1122,x^3+3x^2+8x+6,MULT,13,309,5,3,4
1123,x^3+3x^2+9x+7,MULT,13,310,5,3,4
1124,x^3+3x^2+10x+8,MULT,13,311,5,3,4
1125,x^3+3x^2+11x+9,MULT,13,312,5,3,4
1126,x^3+4x^2+6x+3,MULT,13,315,5,3,4
1127,x^3+6x^2+10x+5,MULT,13,316,5,3,4
1128,x^3+4x^2+9x+6,MULT,13,323,5,3,4
1129,x^3+4x^2+4x+1,MULT,13,327,5,3,4
1130,x^3+4x^2+7x+4,MULT,13,328,5,3,4
1131,x^3+4x^2+8x+5,MULT,13,329,5,3,4
1132,x^3+4x^2+10x+7,MULT,13,330,5,3,4
1133,x^3+4x^2+11x+8,MULT,13,331,5,3,4
1134,x^3+5x^2+5x+1,MULT,13,334,5,3,4
1135,x^3+5x^2+6x+2,MULT,13,335,5,3,4
1136,x^3+5x^2+9x+5,MULT,13,336,5,3,4
1137,x^3+5x^2+10x+6,MULT,13,337,5,3,4
1138,x^3+5x^2+11x+7,MULT,13,338,5,3,4
1139,x^3+6x^2+6x+1,MULT,13,342,5,3,4
1140,x^3+6x^2+7x+2,MULT,13,343,5,3,4
1141,x^3+6x^2+8x+3,MULT,13,344,5,3,4
1142,x^3+2x^2+x+2,MULT,14,283,4,3,3
1143,x^3+2x^2+2x+4,MULT,14,284,4,3,3
1144,x^3+2x^2+3x+6,MULT,14,285,4,3,3
1145,x^3+2x^2+4x+8,MULT,14,286,4,3,3
1146,x^3+2x^2+5x+10,MULT,14,287,4,3,3
1147,x^3+3x^2+3x+2,MULT,14,294,5,3,3
1148,x^3+3x^2+4x+4,MULT,14,295,5,3,3
1149,x^3+3x^2+5x+6,MULT,14,296,5,3,3
1150,x^3+3x^2+6x+8,MULT,14,297,5,3,3
1151,x^3+3x^2+7x+10,MULT,14,298,5,3,3
1152,x^3+4x^2+6x+4,MULT,14,305,5,3,4
1153,x^3+4x^2+7x+6,MULT,14,306,5,3,4
1154,x^3+4x^2+8x+8,MULT,14,307,5,3,4
1155,x^3+4x^2+9x+10,MULT,14,308,5,3,4
1156,x^3+5x^2+9x+6,MULT,14,315,5,3,4
1157,x^3+5x^2+7x+2,MULT,14,327,5,3,4
1158,x^3+5x^2+10x+8,MULT,14,328,5,3,4
1159,x^3+5x^2+11x+10,MULT,14,329,5,3,4
1160,x^3+6x^2+9x+2,MULT,14,334,5,3,4
1161,x^3+6x^2+10x+4,MULT,14,335,5,3,4
1162,x^3+3x^2+x+3,MULT,15,283,4,3,3
1163,x^3+3x^2+2x+6,MULT,15,284,4,3,3
1164,x^3+3x^2+3x+9,MULT,15,285,4,3,3
1165,x^3+4x^2+4x+3,MULT,15,294,5,3,3
1166,x^3+4x^2+5x+6,MULT,15,295,5,3,3
1167,x^3+4x^2+6x+9,MULT,15,296,5,3,3
1168,x^3+5x^2+8x+6,MULT,15,305,5,3,4
1169,x^3+5x^2+9x+9,MULT,15,306,5,3,4
1170,x^3+6x^2+10x+3,MULT,15,327,5,3,4
1171,x^3+4x^2+x+4,MULT,16,283,4,3,3
1172,x^3+4x^2+2x+8,MULT,16,284,4,3,3
1173,x^3+5x^2+5x+4,MULT,16,294,5,3,3
1174,x^3+5x^2+6x+8,MULT,16,295,5,3,3
1175,x^3+6x^2+10x+8,MULT,16,305,5,3,4
1176,x^3+5x^2+x+5,MULT,17,283,4,3,3
1177,x^3+5x^2+2x+10,MULT,17,284,4,3,3
1178,x^3+6x^2+6x+5,MULT,17,294,5,3,3
1179,x^3+6x^2+7x+10,MULT,17,295,5,3,3
1180,x^3+6x^2+x+6,MULT,18,283,4,3,3
1181,x^3+11x+1,ADD,1024,1,4,3,4
1182,x^3+11x+2,ADD,1024,2,4,3,4
1183,x^3+11x+3,ADD,1024,3,4,3,4
1184,x^3+11x+4,ADD,1024,4,4,3,4
1185,x^3+11x+5,ADD,1024,5,4,3,4
1186,x^3+11x+6,ADD,1024,6,4,3,4
1187,x^3+11x+7,ADD,1024,7,4,3,4
1188,x^3+11x+8,ADD,1024,8,4,3,4
1189,x^3+11x+9,ADD,1024,9,4,3,4
1190,x^3+11x+10,ADD,1024,10,4,3,4
1191,x^3+11x+11,ADD,1024,11,4,3,4
1192,x^3+x^2+11x+1,ADD,1044,1,5,3,4
1193,x^3+x^2+11x+2,ADD,1044,2,5,3,4
1194,x^3+x^2+11x+3,ADD,1044,3,5,3,4
1195,x^3+x^2+11x+4,ADD,1044,4,5,3,4
1196,x^3+x^2+11x+5,ADD,1044,5,5,3,4
1197,x^3+x^2+11x+6,ADD,1044,6,5,3,4
1198,x^3+x^2+11x+7,ADD,1044,7,5,3,4
1199,x^3+x^2+11x+8,ADD,1044,8,5,3,4
1200,x^3+x^2+11x+9,ADD,1044,9,5,3,4
1201,x^3+x^2+11x+10,ADD,1044,10,5,3,4
1202,x^3+2x^2+x+1,ADD,1009,13,5,3,3
1203,x^3+2x^2+x+3,ADD,1009,15,5,3,3
1204,x^3+2x^2+x+4,ADD,1009,16,5,3,3
1205,x^3+2x^2+x+5,ADD,1009,17,5,3,3
1206,x^3+2x^2+x+6,ADD,1009,18,5,3,3
1207,x^3+2x^2+x+7,ADD,1009,19,5,3,3
1208,x^3+2x^2+x+8,ADD,1009,20,5,3,3
1209,x^3+2x^2+x+9,ADD,1009,21,5,3,3
1210,x^3+2x^2+x+10,ADD,1009,22,5,3,3
1211,x^3+2x^2+x+11,ADD,1009,23,5,3,3
1212,x^3+2x^2+2x+2,ADD,1142,0,5,3,4
1213,x^3+2x^2+2x+3,ADD,1045,3,5,3,5
1214,x^3+2x^2+2x+5,ADD,1143,1,5,3,4
1215,x^3+2x^2+2x+6,ADD,1143,2,5,3,4
1216,x^3+2x^2+2x+7,ADD,1143,3,5,3,4
1217,x^3+2x^2+2x+8,ADD,1143,4,5,3,4
1218,x^3+2x^2+2x+9,ADD,1143,5,5,3,4
1219,x^3+2x^2+2x+10,ADD,1143,6,5,3,4
1220,x^3+2x^2+2x+11,ADD,1143,7,5,3,4
1221,x^3+3x^2+2x+1,ADD,1026,1,5,3,4
1222,x^3+3x^2+2x+2,ADD,1026,2,5,3,4
1223,x^3+3x^2+2x+3,ADD,1026,3,5,3,4
1224,x^3+3x^2+2x+4,ADD,1026,4,5,3,4
1225,x^3+3x^2+2x+5,ADD,1026,5,5,3,4
1226,x^3+3x^2+2x+7,ADD,1026,7,5,3,4
1227,x^3+3x^2+2x+8,ADD,1026,8,5,3,4
1228,x^3+3x^2+2x+9,ADD,1026,9,5,3,4
1229,x^3+3x^2+2x+10,ADD,1026,10,5,3,4
1230,x^3+3x^2+2x+11,ADD,1026,11,5,3,4
1231,x^3+3x^2+3x+3,ADD,1055,3,5,3,5
1232,x^3+3x^2+3x+4,ADD,1055,4,5,3,5
1233,x^3+3x^2+3x+5,ADD,1055,5,5,3,5
1234,x^3+3x^2+3x+6,ADD,1163,0,5,3,4
1235,x^3+3x^2+3x+7,ADD,1055,7,5,3,5
1236,x^3+3x^2+3x+8,ADD,1055,8,5,3,5
1237,x^3+3x^2+3x+10,ADD,1164,1,5,3,4
1238,x^3+3x^2+3x+11,ADD,1164,2,5,3,4
1239,x^3+4x^2+3x+1,ADD,1027,1,5,3,4
1240,x^3+4x^2+3x+2,ADD,1027,2,5,3,4
1241,x^3+4x^2+3x+3,ADD,1027,3,5,3,4
1242,x^3+4x^2+3x+4,ADD,1027,4,5,3,4
1243,x^3+4x^2+3x+5,ADD,1027,5,5,3,4
1244,x^3+4x^2+3x+6,ADD,1027,6,5,3,4
1245,x^3+4x^2+3x+7,ADD,1027,7,5,3,4
1246,x^3+4x^2+3x+8,ADD,1027,8,5,3,4
1247,x^3+4x^2+3x+9,ADD,1027,9,5,3,4
1248,x^3+4x^2+3x+10,ADD,1027,10,5,3,4
1249,x^3+4x^2+3x+11,ADD,1027,11,5,3,4
1250,x^3+4x^2+4x+2,ADD,1030,2,5,3,4
1251,x^3+4x^2+4x+4,ADD,1030,4,5,3,4
1252,x^3+4x^2+4x+5,ADD,1030,5,5,3,4
1253,x^3+4x^2+4x+6,ADD,1030,6,5,3,4
1254,x^3+4x^2+4x+7,ADD,1030,7,5,3,4
1255,x^3+4x^2+4x+8,ADD,1030,8,5,3,4
1256,x^3+4x^2+4x+9,ADD,1030,9,5,3,4
1257,x^3+4x^2+4x+10,ADD,1030,10,5,3,4
1258,x^3+4x^2+4x+11,ADD,1030,11,5,3,4
1259,x^3+5x^2+4x+1,ADD,1028,1,5,3,4
1260,x^3+5x^2+4x+2,ADD,1028,2,5,3,4
1261,x^3+5x^2+4x+3,ADD,1028,3,5,3,4
1262,x^3+5x^2+4x+4,ADD,1028,4,5,3,4
1263,x^3+5x^2+4x+5,ADD,1028,5,5,3,4
1264,x^3+5x^2+4x+6,ADD,1028,6,5,3,4
1265,x^3+5x^2+4x+7,ADD,1028,7,5,3,4
1266,x^3+5x^2+4x+8,ADD,1028,8,5,3,4
1267,x^3+5x^2+4x+9,ADD,1028,9,5,3,4
1268,x^3+5x^2+4x+10,ADD,1028,10,5,3,4
1269,x^3+5x^2+4x+11,ADD,1028,11,5,3,4
1270,x^3+5x^2+5x+2,ADD,1056,2,5,3,5
1271,x^3+5x^2+5x+3,ADD,1056,3,5,3,5
1272,x^3+5x^2+5x+5,ADD,1056,5,5,3,5
1273,x^3+5x^2+5x+6,ADD,1056,6,5,3,5
1274,x^3+5x^2+5x+7,ADD,1056,7,5,3,5
1275,x^3+5x^2+5x+8,ADD,1056,8,5,3,5
1276,x^3+5x^2+5x+9,ADD,1056,9,5,3,5
1277,x^3+5x^2+5x+10,ADD,1056,10,5,3,5
1278,x^3+5x^2+5x+11,ADD,1056,11,5,3,5
1279,x^3+6x^2+5x+1,ADD,1029,1,5,3,4
1280,x^3+6x^2+5x+2,ADD,1029,2,5,3,4
1281,x^3+6x^2+5x+3,ADD,1029,3,5,3,4
1282,x^3+6x^2+5x+4,ADD,1029,4,5,3,4
1283,x^3+6x^2+5x+5,ADD,1029,5,5,3,4
1284,x^3+6x^2+5x+6,ADD,1029,6,5,3,4
1285,x^3+6x^2+5x+7,ADD,1029,7,5,3,4
1286,x^3+6x^2+5x+8,ADD,1029,8,5,3,4
1287,x^3+6x^2+5x+9,ADD,1029,9,5,3,4
1288,x^3+6x^2+5x+10,ADD,1029,10,5,3,4
1289,x^3+6x^2+5x+11,ADD,1029,11,5,3,4
1290,x^3+6x^2+6x+2,ADD,1057,2,5,3,5
1291,x^3+6x^2+6x+3,ADD,1057,3,5,3,5
1292,x^3+6x^2+6x+4,ADD,1057,4,5,3,5
1293,x^3+6x^2+6x+6,ADD,1057,6,5,3,5
1294,x^3+6x^2+6x+7,ADD,1057,7,5,3,5
1295,x^3+6x^2+6x+8,ADD,1057,8,5,3,5
1296,x^3+6x^2+6x+9,ADD,1057,9,5,3,5
1297,x^3+6x^2+6x+10,ADD,1057,10,5,3,5
1298,x^3+6x^2+6x+11,ADD,1057,11,5,3,5
1299,x^3+4x^2+5x+1,ADD,1071,1,5,3,5
1300,x^3+4x^2+5x+3,ADD,1071,3,5,3,5
1301,x^3+4x^2+5x+4,ADD,1071,4,5,3,5
1302,x^3+4x^2+5x+5,ADD,1071,5,5,3,5
1303,x^3+4x^2+5x+7,ADD,1071,7,5,3,5
1304,x^3+4x^2+5x+8,ADD,1071,8,5,3,5
1305,x^3+4x^2+5x+9,ADD,1071,9,5,3,5
1306,x^3+4x^2+5x+10,ADD,1071,10,5,3,5
1307,x^3+4x^2+5x+11,ADD,1071,11,5,3,5
1308,x^3+5x^2+6x+1,ADD,1031,1,5,3,4
1309,x^3+5x^2+6x+3,ADD,1031,3,5,3,4
1310,x^3+5x^2+6x+4,ADD,1031,4,5,3,4
1311,x^3+5x^2+6x+5,ADD,1031,5,5,3,4
1312,x^3+5x^2+6x+6,ADD,1031,6,5,3,4
1313,x^3+5x^2+6x+7,ADD,1031,7,5,3,4
1314,x^3+5x^2+6x+9,ADD,1031,9,5,3,4
1315,x^3+5x^2+6x+10,ADD,1031,10,5,3,4
1316,x^3+5x^2+6x+11,ADD,1031,11,5,3,4
1317,x^3+5x^2+7x+1,ADD,1080,1,5,3,5
1318,x^3+5x^2+7x+4,ADD,1080,4,5,3,5
1319,x^3+5x^2+7x+5,ADD,1080,5,5,3,5
1320,x^3+5x^2+7x+6,ADD,1080,6,5,3,5
1321,x^3+5x^2+7x+7,ADD,1080,7,5,3,5
1322,x^3+5x^2+7x+8,ADD,1080,8,5,3,5
1323,x^3+5x^2+7x+9,ADD,1080,9,5,3,5
1324,x^3+5x^2+7x+10,ADD,1080,10,5,3,5
1325,x^3+5x^2+7x+11,ADD,1080,11,5,3,5
1326,x^3+6x^2+8x+1,ADD,1032,1,5,3,4
1327,x^3+6x^2+8x+2,ADD,1032,2,5,3,4
1328,x^3+6x^2+8x+4,ADD,1032,4,5,3,4
1329,x^3+6x^2+8x+5,ADD,1032,5,5,3,4
1330,x^3+6x^2+8x+6,ADD,1032,6,5,3,4
1331,x^3+6x^2+8x+7,ADD,1032,7,5,3,4
1332,x^3+6x^2+8x+8,ADD,1032,8,5,3,4
1333,x^3+6x^2+8x+9,ADD,1032,9,5,3,4
1334,x^3+6x^2+8x+10,ADD,1032,10,5,3,4
1335,x^3+6x^2+8x+11,ADD,1032,11,5,3,4
1336,x^3+6x^2+9x+1,ADD,1033,1,5,3,4
1337,x^3+6x^2+9x+3,ADD,1033,3,5,3,4
1338,x^3+6x^2+9x+5,ADD,1033,5,5,3,4
1339,x^3+6x^2+9x+6,ADD,1033,6,5,3,4
1340,x^3+6x^2+9x+7,ADD,1033,7,5,3,4
1341,x^3+6x^2+9x+8,ADD,1033,8,5,3,4
1342,x^3+6x^2+9x+9,ADD,1033,9,5,3,4
1343,x^3+6x^2+9x+10,ADD,1033,10,5,3,4
1344,x^3+6x^2+9x+11,ADD,1033,11,5,3,4
1345,x^3+6x^2+10x+1,ADD,1089,1,5,3,5
1346,x^3+6x^2+10x+2,ADD,1089,2,5,3,5
1347,x^3+6x^2+10x+6,ADD,1089,6,5,3,5
1348,x^3+6x^2+10x+7,ADD,1089,7,5,3,5
1349,x^3+6x^2+10x+9,ADD,1089,9,5,3,5
1350,x^3+6x^2+10x+10,ADD,1089,10,5,3,5
1351,x^3+6x^2+10x+11,ADD,1089,11,5,3,5
1352,x^3+x^2+x+2,ADD,1008,14,5,3,3
1353,x^3+x^2+x+3,ADD,1008,15,5,3,3
1354,x^3+x^2+x+4,ADD,1008,16,5,3,3
1355,x^3+x^2+x+5,ADD,1008,17,5,3,3
1356,x^3+x^2+x+6,ADD,1008,18,5,3,3
1357,x^3+x^2+x+7,ADD,1008,19,5,3,3
1358,x^3+x^2+x+8,ADD,1008,20,5,3,3
1359,x^3+x^2+x+9,ADD,1008,21,5,3,3
1360,x^3+x^2+x+10,ADD,1008,22,5,3,3
1361,x^3+x^2+x+11,ADD,1008,23,5,3,3
1362,x^3+x^2+2x+1,ADD,1035,1,5,3,4
1363,x^3+x^2+2x+3,ADD,1035,3,5,3,4
1364,x^3+x^2+2x+4,ADD,1035,4,5,3,4
1365,x^3+x^2+2x+5,ADD,1035,5,5,3,4
1366,x^3+x^2+2x+6,ADD,1035,6,5,3,4
1367,x^3+x^2+2x+7,ADD,1035,7,5,3,4
1368,x^3+x^2+2x+8,ADD,1035,8,5,3,4
1369,x^3+x^2+2x+9,ADD,1035,9,5,3,4
1370,x^3+x^2+2x+10,ADD,1035,10,5,3,4
1371,x^3+x^2+2x+11,ADD,1035,11,5,3,4
1372,x^3+x^2+3x+1,ADD,1036,1,5,3,4
1373,x^3+x^2+3x+2,ADD,1036,2,5,3,4
1374,x^3+x^2+3x+4,ADD,1036,4,5,3,4
1375,x^3+x^2+3x+5,ADD,1036,5,5,3,4
1376,x^3+x^2+3x+6,ADD,1036,6,5,3,4
1377,x^3+x^2+3x+7,ADD,1036,7,5,3,4
1378,x^3+x^2+3x+8,ADD,1036,8,5,3,4
1379,x^3+x^2+3x+9,ADD,1036,9,5,3,4
1380,x^3+x^2+3x+10,ADD,1036,10,5,3,4
1381,x^3+x^2+3x+11,ADD,1036,11,5,3,4
1382,x^3+x^2+4x+1,ADD,1037,1,5,3,4
1383,x^3+x^2+4x+2,ADD,1037,2,5,3,4
1384,x^3+x^2+4x+3,ADD,1037,3,5,3,4
1385,x^3+x^2+4x+5,ADD,1037,5,5,3,4
1386,x^3+x^2+4x+6,ADD,1037,6,5,3,4
1387,x^3+x^2+4x+7,ADD,1037,7,5,3,4
1388,x^3+x^2+4x+8,ADD,1037,8,5,3,4
1389,x^3+x^2+4x+9,ADD,1037,9,5,3,4
1390,x^3+x^2+4x+10,ADD,1037,10,5,3,4
1391,x^3+x^2+4x+11,ADD,1037,11,5,3,4
1392,x^3+x^2+5x+1,ADD,1038,1,5,3,4
1393,x^3+x^2+5x+2,ADD,1038,2,5,3,4
1394,x^3+x^2+5x+3,ADD,1038,3,5,3,4
1395,x^3+x^2+5x+4,ADD,1038,4,5,3,4
1396,x^3+x^2+5x+6,ADD,1038,6,5,3,4
1397,x^3+x^2+5x+7,ADD,1038,7,5,3,4
1398,x^3+x^2+5x+8,ADD,1038,8,5,3,4
1399,x^3+x^2+5x+9,ADD,1038,9,5,3,4
1400,x^3+x^2+5x+10,ADD,1038,10,5,3,4
1401,x^3+x^2+5x+11,ADD,1038,11,5,3,4
1402,x^3+x^2+6x+1,ADD,1039,1,5,3,4
1403,x^3+x^2+6x+2,ADD,1039,2,5,3,4
1404,x^3+x^2+6x+3,ADD,1039,3,5,3,4
1405,x^3+x^2+6x+4,ADD,1039,4,5,3,4
1406,x^3+x^2+6x+5,ADD,1039,5,5,3,4
1407,x^3+x^2+6x+7,ADD,1039,7,5,3,4
1408,x^3+x^2+6x+8,ADD,1039,8,5,3,4
1409,x^3+x^2+6x+9,ADD,1039,9,5,3,4
1410,x^3+x^2+6x+10,ADD,1039,10,5,3,4
1411,x^3+x^2+6x+11,ADD,1039,11,5,3,4
1412,x^3+x^2+7x+1,ADD,1040,1,5,3,4
1413,x^3+x^2+7x+2,ADD,1040,2,5,3,4
1414,x^3+x^2+7x+3,ADD,1040,3,5,3,4
1415,x^3+x^2+7x+4,ADD,1040,4,5,3,4
1416,x^3+x^2+7x+5,ADD,1040,5,5,3,4
1417,x^3+x^2+7x+6,ADD,1040,6,5,3,4
1418,x^3+x^2+7x+8,ADD,1040,8,5,3,4
1419,x^3+x^2+7x+9,ADD,1040,9,5,3,4
1420,x^3+x^2+7x+10,ADD,1040,10,5,3,4
1421,x^3+x^2+7x+11,ADD,1040,11,5,3,4
1422,x^3+x^2+8x+1,ADD,1041,1,5,3,4
1423,x^3+x^2+8x+2,ADD,1041,2,5,3,4
1424,x^3+x^2+8x+3,ADD,1041,3,5,3,4
1425,x^3+x^2+8x+4,ADD,1041,4,5,3,4
1426,x^3+x^2+8x+5,ADD,1041,5,5,3,4
1427,x^3+x^2+8x+6,ADD,1041,6,5,3,4
1428,x^3+x^2+8x+7,ADD,1041,7,5,3,4
1429,x^3+x^2+8x+9,ADD,1041,9,5,3,4
1430,x^3+x^2+8x+10,ADD,1041,10,5,3,4
1431,x^3+x^2+8x+11,ADD,1041,11,5,3,4
1432,x^3+x^2+9x+1,ADD,1042,1,5,3,4
1433,x^3+x^2+9x+2,ADD,1042,2,5,3,4
1434,x^3+x^2+9x+3,ADD,1042,3,5,3,4
1435,x^3+x^2+9x+4,ADD,1042,4,5,3,4
1436,x^3+x^2+9x+5,ADD,1042,5,5,3,4
1437,x^3+x^2+9x+6,ADD,1042,6,5,3,4
1438,x^3+x^2+9x+7,ADD,1042,7,5,3,4
1439,x^3+x^2+9x+8,ADD,1042,8,5,3,4
1440,x^3+x^2+9x+10,ADD,1042,10,5,3,4
1441,x^3+x^2+9x+11,ADD,1042,11,5,3,4
1442,x^3+x^2+10x+1,ADD,1043,1,5,3,4
1443,x^3+x^2+10x+2,ADD,1043,2,5,3,4
1444,x^3+x^2+10x+3,ADD,1043,3,5,3,4
1445,x^3+x^2+10x+4,ADD,1043,4,5,3,4
1446,x^3+x^2+10x+5,ADD,1043,5,5,3,4
1447,x^3+x^2+10x+6,ADD,1043,6,5,3,4
1448,x^3+x^2+10x+7,ADD,1043,7,5,3,4
1449,x^3+x^2+10x+8,ADD,1043,8,5,3,4
1450,x^3+x^2+10x+9,ADD,1043,9,5,3,4
1451,x^3+x^2+10x+11,ADD,1043,11,5,3,4
1452,x^3+2x^2+3x+1,ADD,1046,1,5,3,5
1453,x^3+2x^2+3x+3,ADD,1046,3,5,3,5
1454,x^3+2x^2+3x+4,ADD,1143,0,5,3,4
1455,x^3+2x^2+3x+5,ADD,1046,5,5,3,5
1456,x^3+2x^2+3x+7,ADD,1144,1,5,3,4
1457,x^3+2x^2+3x+8,ADD,1144,2,5,3,4
1458,x^3+2x^2+3x+9,ADD,1144,3,5,3,4
1459,x^3+2x^2+3x+10,ADD,1144,4,5,3,4
1460,x^3+2x^2+3x+11,ADD,1144,5,5,3,4
1461,x^3+2x^2+4x+1,ADD,1047,1,5,3,5
1462,x^3+2x^2+4x+2,ADD,1047,2,5,3,5
1463,x^3+2x^2+4x+4,ADD,1047,4,5,3,5
1464,x^3+2x^2+4x+5,ADD,1047,5,5,3,5
1465,x^3+2x^2+4x+6,ADD,1144,0,5,3,4
1466,x^3+2x^2+4x+7,ADD,1047,7,5,3,5
1467,x^3+2x^2+4x+9,ADD,1145,1,5,3,4
1468,x^3+2x^2+4x+10,ADD,1145,2,5,3,4
1469,x^3+2x^2+4x+11,ADD,1145,3,5,3,4
1470,x^3+2x^2+5x+1,ADD,1048,1,5,3,5
1471,x^3+2x^2+5x+2,ADD,1048,2,5,3,5
1472,x^3+2x^2+5x+3,ADD,1048,3,5,3,5
1473,x^3+2x^2+5x+5,ADD,1048,5,5,3,5
1474,x^3+2x^2+5x+6,ADD,1048,6,5,3,5
1475,x^3+2x^2+5x+7,ADD,1048,7,5,3,5
1476,x^3+2x^2+5x+8,ADD,1145,0,5,3,4
1477,x^3+2x^2+5x+9,ADD,1048,9,5,3,5
1478,x^3+2x^2+5x+11,ADD,1146,1,5,3,4
1479,x^3+2x^2+6x+1,ADD,1049,1,5,3,5
1480,x^3+2x^2+6x+2,ADD,1049,2,5,3,5
1481,x^3+2x^2+6x+3,ADD,1049,3,5,3,5
1482,x^3+2x^2+6x+4,ADD,1049,4,5,3,5
1483,x^3+2x^2+6x+6,ADD,1049,6,5,3,5
1484,x^3+2x^2+6x+7,ADD,1049,7,5,3,5
1485,x^3+2x^2+6x+8,ADD,1049,8,5,3,5
1486,x^3+2x^2+6x+9,ADD,1049,9,5,3,5
1487,x^3+2x^2+6x+10,ADD,1146,0,5,3,4
1488,x^3+2x^2+6x+11,ADD,1049,11,5,3,5
1489,x^3+2x^2+7x+1,ADD,1050,1,5,3,5
1490,x^3+2x^2+7x+2,ADD,1050,2,5,3,5
1491,x^3+2x^2+7x+3,ADD,1050,3,5,3,5
1492,x^3+2x^2+7x+4,ADD,1050,4,5,3,5
1493,x^3+2x^2+7x+5,ADD,1050,5,5,3,5
1494,x^3+2x^2+7x+7,ADD,1050,7,5,3,5
1495,x^3+2x^2+7x+8,ADD,1050,8,5,3,5
1496,x^3+2x^2+7x+9,ADD,1050,9,5,3,5
1497,x^3+2x^2+7x+10,ADD,1050,10,5,3,5
1498,x^3+2x^2+7x+11,ADD,1050,11,5,3,5
1499,x^3+2x^2+8x+1,ADD,1051,1,5,3,5
1500,x^3+2x^2+8x+2,ADD,1051,2,5,3,5
1501,x^3+2x^2+8x+3,ADD,1051,3,5,3,5
1502,x^3+2x^2+8x+4,ADD,1051,4,5,3,5
1503,x^3+2x^2+8x+5,ADD,1051,5,5,3,5
1504,x^3+2x^2+8x+6,ADD,1051,6,5,3,5
1505,x^3+2x^2+8x+8,ADD,1051,8,5,3,5
1506,x^3+2x^2+8x+9,ADD,1051,9,5,3,5
1507,x^3+2x^2+8x+10,ADD,1051,10,5,3,5
1508,x^3+2x^2+8x+11,ADD,1051,11,5,3,5
1509,x^3+2x^2+9x+1,ADD,1052,1,5,3,5
1510,x^3+2x^2+9x+2,ADD,1052,2,5,3,5
1511,x^3+2x^2+9x+3,ADD,1052,3,5,3,5
1512,x^3+2x^2+9x+4,ADD,1052,4,5,3,5
1513,x^3+2x^2+9x+5,ADD,1052,5,5,3,5
1514,x^3+2x^2+9x+6,ADD,1052,6,5,3,5
1515,x^3+2x^2+9x+7,ADD,1052,7,5,3,5
1516,x^3+2x^2+9x+9,ADD,1052,9,5,3,5
1517,x^3+2x^2+9x+10,ADD,1052,10,5,3,5
1518,x^3+2x^2+9x+11,ADD,1052,11,5,3,5
1519,x^3+2x^2+10x+1,ADD,1053,1,5,3,5
1520,x^3+2x^2+10x+2,ADD,1053,2,5,3,5
1521,x^3+2x^2+10x+3,ADD,1053,3,5,3,5
1522,x^3+2x^2+10x+4,ADD,1053,4,5,3,5
1523,x^3+2x^2+10x+5,ADD,1053,5,5,3,5
1524,x^3+2x^2+10x+6,ADD,1053,6,5,3,5
1525,x^3+2x^2+10x+7,ADD,1053,7,5,3,5
1526,x^3+2x^2+10x+8,ADD,1053,8,5,3,5
1527,x^3+2x^2+10x+10,ADD,1053,10,5,3,5
1528,x^3+2x^2+10x+11,ADD,1053,11,5,3,5
1529,x^3+2x^2+11x+1,ADD,1054,1,5,3,5
1530,x^3+2x^2+11x+2,ADD,1054,2,5,3,5
1531,x^3+2x^2+11x+3,ADD,1054,3,5,3,5
1532,x^3+2x^2+11x+4,ADD,1054,4,5,3,5
1533,x^3+2x^2+11x+5,ADD,1054,5,5,3,5
1534,x^3+2x^2+11x+6,ADD,1054,6,5,3,5
1535,x^3+2x^2+11x+7,ADD,1054,7,5,3,5
1536,x^3+2x^2+11x+8,ADD,1054,8,5,3,5
1537,x^3+2x^2+11x+9,ADD,1054,9,5,3,5
1538,x^3+2x^2+11x+11,ADD,1054,11,5,3,5
1539,x^3+3x^2+4x+1,ADD,1063,1,5,3,5
1540,x^3+3x^2+4x+3,ADD,1063,3,5,3,5
1541,x^3+3x^2+4x+5,ADD,1063,5,5,3,5
1542,x^3+3x^2+4x+6,ADD,1063,6,5,3,5
1543,x^3+3x^2+4x+7,ADD,1063,7,5,3,5
1544,x^3+3x^2+4x+8,ADD,1063,8,5,3,5
1545,x^3+3x^2+4x+9,ADD,1164,0,5,3,4
1546,x^3+3x^2+4x+10,ADD,1063,10,5,3,5
1547,x^3+3x^2+4x+11,ADD,1063,11,5,3,5
1548,x^3+6x^2+7x+1,ADD,1088,1,5,3,5
1549,x^3+6x^2+7x+3,ADD,1088,3,5,3,5
1550,x^3+6x^2+7x+4,ADD,1088,4,5,3,5
1551,x^3+6x^2+7x+5,ADD,1088,5,5,3,5
1552,x^3+6x^2+7x+6,ADD,1088,6,5,3,5
1553,x^3+6x^2+7x+7,ADD,1088,7,5,3,5
1554,x^3+6x^2+7x+8,ADD,1088,8,5,3,5
1555,x^3+6x^2+7x+9,ADD,1088,9,5,3,5
1556,x^3+6x^2+7x+11,ADD,1088,11,5,3,5
1557,x^3+3x^2+6x+1,ADD,1058,1,5,3,5
1558,x^3+3x^2+6x+2,ADD,1058,2,5,3,5
1559,x^3+3x^2+6x+3,ADD,1058,3,5,3,5
1560,x^3+3x^2+6x+5,ADD,1058,5,5,3,5
1561,x^3+3x^2+6x+6,ADD,1058,6,5,3,5
1562,x^3+3x^2+6x+7,ADD,1058,7,5,3,5
1563,x^3+3x^2+6x+9,ADD,1058,9,5,3,5
1564,x^3+3x^2+6x+10,ADD,1058,10,5,3,5
1565,x^3+3x^2+6x+11,ADD,1058,11,5,3,5
1566,x^3+3x^2+7x+1,ADD,1065,1,5,3,5
1567,x^3+3x^2+7x+2,ADD,1065,2,5,3,5
1568,x^3+3x^2+7x+3,ADD,1065,3,5,3,5
1569,x^3+3x^2+7x+4,ADD,1065,4,5,3,5
1570,x^3+3x^2+7x+6,ADD,1065,6,5,3,5
1571,x^3+3x^2+7x+7,ADD,1065,7,5,3,5
1572,x^3+3x^2+7x+8,ADD,1065,8,5,3,5
1573,x^3+3x^2+7x+9,ADD,1065,9,5,3,5
1574,x^3+3x^2+7x+11,ADD,1065,11,5,3,5
1575,x^3+4x^2+8x+1,ADD,1059,1,5,3,5
1576,x^3+4x^2+8x+2,ADD,1059,2,5,3,5
1577,x^3+4x^2+8x+3,ADD,1059,3,5,3,5
1578,x^3+4x^2+8x+4,ADD,1059,4,5,3,5
1579,x^3+4x^2+8x+6,ADD,1059,6,5,3,5
1580,x^3+4x^2+8x+7,ADD,1059,7,5,3,5
1581,x^3+4x^2+8x+9,ADD,1059,9,5,3,5
1582,x^3+4x^2+8x+10,ADD,1059,10,5,3,5
1583,x^3+4x^2+8x+11,ADD,1059,11,5,3,5
1584,x^3+4x^2+9x+1,ADD,1074,1,5,3,5
1585,x^3+4x^2+9x+2,ADD,1074,2,5,3,5
1586,x^3+4x^2+9x+3,ADD,1074,3,5,3,5
1587,x^3+4x^2+9x+4,ADD,1074,4,5,3,5
1588,x^3+4x^2+9x+5,ADD,1074,5,5,3,5
1589,x^3+4x^2+9x+7,ADD,1074,7,5,3,5
1590,x^3+4x^2+9x+8,ADD,1074,8,5,3,5
1591,x^3+4x^2+9x+9,ADD,1074,9,5,3,5
1592,x^3+4x^2+9x+11,ADD,1074,11,5,3,5
1593,x^3+5x^2+10x+1,ADD,1060,1,5,3,5
1594,x^3+5x^2+10x+2,ADD,1060,2,5,3,5
1595,x^3+5x^2+10x+3,ADD,1060,3,5,3,5
1596,x^3+5x^2+10x+4,ADD,1060,4,5,3,5
1597,x^3+5x^2+10x+5,ADD,1060,5,5,3,5
1598,x^3+5x^2+10x+7,ADD,1060,7,5,3,5
1599,x^3+5x^2+10x+9,ADD,1060,9,5,3,5
1600,x^3+5x^2+10x+10,ADD,1060,10,5,3,5
1601,x^3+5x^2+10x+11,ADD,1060,11,5,3,5
1602,x^3+5x^2+11x+1,ADD,1083,1,5,3,5
1603,x^3+5x^2+11x+2,ADD,1083,2,5,3,5
1604,x^3+5x^2+11x+3,ADD,1083,3,5,3,5
1605,x^3+5x^2+11x+4,ADD,1083,4,5,3,5
1606,x^3+5x^2+11x+5,ADD,1083,5,5,3,5
1607,x^3+5x^2+11x+6,ADD,1083,6,5,3,5
1608,x^3+5x^2+11x+8,ADD,1083,8,5,3,5
1609,x^3+5x^2+11x+9,ADD,1083,9,5,3,5
1610,x^3+5x^2+11x+11,ADD,1083,11,5,3,5
1611,x^3+3x^2+9x+1,ADD,1061,1,5,3,5
1612,x^3+3x^2+9x+2,ADD,1061,2,5,3,5
1613,x^3+3x^2+9x+3,ADD,1061,3,5,3,5
1614,x^3+3x^2+9x+4,ADD,1061,4,5,3,5
1615,x^3+3x^2+9x+5,ADD,1061,5,5,3,5
1616,x^3+3x^2+9x+6,ADD,1061,6,5,3,5
1617,x^3+3x^2+9x+8,ADD,1061,8,5,3,5
1618,x^3+3x^2+9x+9,ADD,1061,9,5,3,5
1619,x^3+3x^2+9x+10,ADD,1061,10,5,3,5
1620,x^3+3x^2+9x+11,ADD,1061,11,5,3,5
1621,x^3+3x^2+10x+1,ADD,1067,1,5,3,5
1622,x^3+3x^2+10x+2,ADD,1067,2,5,3,5
1623,x^3+3x^2+10x+3,ADD,1067,3,5,3,5
1624,x^3+3x^2+10x+4,ADD,1067,4,5,3,5
1625,x^3+3x^2+10x+5,ADD,1067,5,5,3,5
1626,x^3+3x^2+10x+6,ADD,1067,6,5,3,5
1627,x^3+3x^2+10x+7,ADD,1067,7,5,3,5
1628,x^3+3x^2+10x+9,ADD,1067,9,5,3,5
1629,x^3+3x^2+10x+10,ADD,1067,10,5,3,5
1630,x^3+3x^2+10x+11,ADD,1067,11,5,3,5
1631,x^3+3x^2+x+1,ADD,1010,13,5,3,3
1632,x^3+3x^2+x+2,ADD,1010,14,5,3,3
1633,x^3+3x^2+x+4,ADD,1010,16,5,3,3
1634,x^3+3x^2+x+5,ADD,1010,17,5,3,3
1635,x^3+3x^2+x+6,ADD,1010,18,5,3,3
1636,x^3+3x^2+x+7,ADD,1010,19,5,3,3
1637,x^3+3x^2+x+8,ADD,1010,20,5,3,3
1638,x^3+3x^2+x+9,ADD,1010,21,5,3,3
1639,x^3+3x^2+x+10,ADD,1010,22,5,3,3
1640,x^3+3x^2+x+11,ADD,1010,23,5,3,3
1641,x^3+3x^2+5x+1,ADD,1064,1,5,3,5
1642,x^3+3x^2+5x+2,ADD,1064,2,5,3,5
1643,x^3+3x^2+5x+4,ADD,1064,4,5,3,5
1644,x^3+3x^2+5x+5,ADD,1064,5,5,3,5
1645,x^3+3x^2+5x+7,ADD,1064,7,5,3,5
1646,x^3+3x^2+5x+8,ADD,1064,8,5,3,5
1647,x^3+3x^2+5x+9,ADD,1064,9,5,3,5
1648,x^3+3x^2+5x+10,ADD,1064,10,5,3,5
1649,x^3+3x^2+5x+11,ADD,1064,11,5,3,5
1650,x^3+3x^2+8x+1,ADD,1066,1,5,3,5
1651,x^3+3x^2+8x+2,ADD,1066,2,5,3,5
1652,x^3+3x^2+8x+3,ADD,1066,3,5,3,5
1653,x^3+3x^2+8x+4,ADD,1066,4,5,3,5
1654,x^3+3x^2+8x+5,ADD,1066,5,5,3,5
1655,x^3+3x^2+8x+7,ADD,1066,7,5,3,5
1656,x^3+3x^2+8x+8,ADD,1066,8,5,3,5
1657,x^3+3x^2+8x+9,ADD,1066,9,5,3,5
1658,x^3+3x^2+8x+10,ADD,1066,10,5,3,5
1659,x^3+3x^2+8x+11,ADD,1066,11,5,3,5
1660,x^3+3x^2+11x+1,ADD,1068,1,5,3,5
1661,x^3+3x^2+11x+2,ADD,1068,2,5,3,5
1662,x^3+3x^2+11x+3,ADD,1068,3,5,3,5
1663,x^3+3x^2+11x+4,ADD,1068,4,5,3,5
1664,x^3+3x^2+11x+5,ADD,1068,5,5,3,5
1665,x^3+3x^2+11x+6,ADD,1068,6,5,3,5
1666,x^3+3x^2+11x+7,ADD,1068,7,5,3,5
1667,x^3+3x^2+11x+8,ADD,1068,8,5,3,5
1668,x^3+3x^2+11x+10,ADD,1068,10,5,3,5
1669,x^3+3x^2+11x+11,ADD,1068,11,5,3,5
1670,x^3+4x^2+x+1,ADD,1011,13,5,3,3
1671,x^3+4x^2+x+2,ADD,1011,14,5,3,3
1672,x^3+4x^2+x+3,ADD,1011,15,5,3,3
1673,x^3+4x^2+x+5,ADD,1011,17,5,3,3
1674,x^3+4x^2+x+6,ADD,1011,18,5,3,3
1675,x^3+4x^2+x+7,ADD,1011,19,5,3,3
1676,x^3+4x^2+x+8,ADD,1011,20,5,3,3
1677,x^3+4x^2+x+9,ADD,1011,21,5,3,3
1678,x^3+4x^2+x+10,ADD,1011,22,5,3,3
1679,x^3+4x^2+x+11,ADD,1011,23,5,3,3
1680,x^3+4x^2+2x+1,ADD,1070,1,5,3,5
1681,x^3+4x^2+2x+2,ADD,1070,2,5,3,5
1682,x^3+4x^2+2x+3,ADD,1070,3,5,3,5
1683,x^3+4x^2+2x+4,ADD,1171,0,5,3,4
1684,x^3+4x^2+2x+5,ADD,1070,5,5,3,5
1685,x^3+4x^2+2x+6,ADD,1070,6,5,3,5
1686,x^3+4x^2+2x+7,ADD,1070,7,5,3,5
1687,x^3+4x^2+2x+9,ADD,1172,1,5,3,4
1688,x^3+4x^2+2x+10,ADD,1172,2,5,3,4
1689,x^3+4x^2+2x+11,ADD,1172,3,5,3,4
1690,x^3+4x^2+6x+1,ADD,1072,1,5,3,5
1691,x^3+4x^2+6x+2,ADD,1072,2,5,3,5
1692,x^3+4x^2+6x+5,ADD,1072,5,5,3,5
1693,x^3+4x^2+6x+6,ADD,1072,6,5,3,5
1694,x^3+4x^2+6x+7,ADD,1072,7,5,3,5
1695,x^3+4x^2+6x+8,ADD,1072,8,5,3,5
1696,x^3+4x^2+6x+10,ADD,1072,10,5,3,5
1697,x^3+4x^2+6x+11,ADD,1072,11,5,3,5
1698,x^3+4x^2+7x+1,ADD,1073,1,5,3,5
1699,x^3+4x^2+7x+2,ADD,1073,2,5,3,5
1700,x^3+4x^2+7x+3,ADD,1073,3,5,3,5
1701,x^3+4x^2+7x+5,ADD,1073,5,5,3,5
1702,x^3+4x^2+7x+7,ADD,1073,7,5,3,5
1703,x^3+4x^2+7x+8,ADD,1073,8,5,3,5
1704,x^3+4x^2+7x+9,ADD,1073,9,5,3,5
1705,x^3+4x^2+7x+10,ADD,1073,10,5,3,5
1706,x^3+4x^2+7x+11,ADD,1073,11,5,3,5
1707,x^3+4x^2+10x+1,ADD,1075,1,5,3,5
1708,x^3+4x^2+10x+2,ADD,1075,2,5,3,5
1709,x^3+4x^2+10x+3,ADD,1075,3,5,3,5
1710,x^3+4x^2+10x+4,ADD,1075,4,5,3,5
1711,x^3+4x^2+10x+5,ADD,1075,5,5,3,5
1712,x^3+4x^2+10x+6,ADD,1075,6,5,3,5
1713,x^3+4x^2+10x+8,ADD,1075,8,5,3,5
1714,x^3+4x^2+10x+9,ADD,1075,9,5,3,5
1715,x^3+4x^2+10x+10,ADD,1075,10,5,3,5
1716,x^3+4x^2+10x+11,ADD,1075,11,5,3,5
1717,x^3+4x^2+11x+1,ADD,1076,1,5,3,5
1718,x^3+4x^2+11x+2,ADD,1076,2,5,3,5
1719,x^3+4x^2+11x+3,ADD,1076,3,5,3,5
1720,x^3+4x^2+11x+4,ADD,1076,4,5,3,5
1721,x^3+4x^2+11x+5,ADD,1076,5,5,3,5
1722,x^3+4x^2+11x+6,ADD,1076,6,5,3,5
1723,x^3+4x^2+11x+7,ADD,1076,7,5,3,5
1724,x^3+4x^2+11x+9,ADD,1076,9,5,3,5
1725,x^3+4x^2+11x+10,ADD,1076,10,5,3,5
1726,x^3+4x^2+11x+11,ADD,1076,11,5,3,5
1727,x^3+5x^2+x+1,ADD,1012,13,5,3,3
1728,x^3+5x^2+x+2,ADD,1012,14,5,3,3
1729,x^3+5x^2+x+3,ADD,1012,15,5,3,3
1730,x^3+5x^2+x+4,ADD,1012,16,5,3,3
1731,x^3+5x^2+x+6,ADD,1012,18,5,3,3
1732,x^3+5x^2+x+7,ADD,1012,19,5,3,3
1733,x^3+5x^2+x+8,ADD,1012,20,5,3,3
1734,x^3+5x^2+x+9,ADD,1012,21,5,3,3
1735,x^3+5x^2+x+10,ADD,1012,22,5,3,3
1736,x^3+5x^2+x+11,ADD,1012,23,5,3,3
1737,x^3+5x^2+2x+1,ADD,1078,1,5,3,5
1738,x^3+5x^2+2x+2,ADD,1078,2,5,3,5
1739,x^3+5x^2+2x+3,ADD,1078,3,5,3,5
1740,x^3+5x^2+2x+4,ADD,1078,4,5,3,5
1741,x^3+5x^2+2x+5,ADD,1176,0,5,3,4
1742,x^3+5x^2+2x+6,ADD,1078,6,5,3,5
1743,x^3+5x^2+2x+7,ADD,1078,7,5,3,5
1744,x^3+5x^2+2x+8,ADD,1078,8,5,3,5
1745,x^3+5x^2+2x+9,ADD,1078,9,5,3,5
1746,x^3+5x^2+2x+11,ADD,1177,1,5,3,4
1747,x^3+5x^2+3x+1,ADD,1079,1,5,3,5
1748,x^3+5x^2+3x+2,ADD,1079,2,5,3,5
1749,x^3+5x^2+3x+3,ADD,1079,3,5,3,5
1750,x^3+5x^2+3x+4,ADD,1079,4,5,3,5
1751,x^3+5x^2+3x+5,ADD,1079,5,5,3,5
1752,x^3+5x^2+3x+6,ADD,1079,6,5,3,5
1753,x^3+5x^2+3x+7,ADD,1079,7,5,3,5
1754,x^3+5x^2+3x+8,ADD,1079,8,5,3,5
1755,x^3+5x^2+3x+9,ADD,1079,9,5,3,5
1756,x^3+5x^2+3x+10,ADD,1177,0,5,3,4
1757,x^3+5x^2+3x+11,ADD,1079,11,5,3,5
1758,x^3+5x^2+8x+1,ADD,1081,1,5,3,5
1759,x^3+5x^2+8x+2,ADD,1081,2,5,3,5
1760,x^3+5x^2+8x+3,ADD,1081,3,5,3,5
1761,x^3+5x^2+8x+5,ADD,1081,5,5,3,5
1762,x^3+5x^2+8x+7,ADD,1081,7,5,3,5
1763,x^3+5x^2+8x+8,ADD,1081,8,5,3,5
1764,x^3+5x^2+8x+9,ADD,1081,9,5,3,5
1765,x^3+5x^2+8x+10,ADD,1081,10,5,3,5
1766,x^3+5x^2+8x+11,ADD,1081,11,5,3,5
1767,x^3+5x^2+9x+1,ADD,1082,1,5,3,5
1768,x^3+5x^2+9x+2,ADD,1082,2,5,3,5
1769,x^3+5x^2+9x+3,ADD,1082,3,5,3,5
1770,x^3+5x^2+9x+4,ADD,1082,4,5,3,5
1771,x^3+5x^2+9x+7,ADD,1082,7,5,3,5
1772,x^3+5x^2+9x+8,ADD,1082,8,5,3,5
1773,x^3+5x^2+9x+10,ADD,1082,10,5,3,5
1774,x^3+5x^2+9x+11,ADD,1082,11,5,3,5
1775,x^3+6x^2+x+1,ADD,1013,13,5,3,3
1776,x^3+6x^2+x+2,ADD,1013,14,5,3,3
1777,x^3+6x^2+x+3,ADD,1013,15,5,3,3
1778,x^3+6x^2+x+4,ADD,1013,16,5,3,3
1779,x^3+6x^2+x+5,ADD,1013,17,5,3,3
1780,x^3+6x^2+x+7,ADD,1013,19,5,3,3
1781,x^3+6x^2+x+8,ADD,1013,20,5,3,3
1782,x^3+6x^2+x+9,ADD,1013,21,5,3,3
1783,x^3+6x^2+x+10,ADD,1013,22,5,3,3
1784,x^3+6x^2+x+11,ADD,1013,23,5,3,3
1785,x^3+6x^2+2x+1,ADD,1085,1,5,3,5
1786,x^3+6x^2+2x+2,ADD,1085,2,5,3,5
1787,x^3+6x^2+2x+3,ADD,1085,3,5,3,5
1788,x^3+6x^2+2x+4,ADD,1085,4,5,3,5
1789,x^3+6x^2+2x+5,ADD,1085,5,5,3,5
1790,x^3+6x^2+2x+6,ADD,1180,0,5,3,4
1791,x^3+6x^2+2x+7,ADD,1085,7,5,3,5
1792,x^3+6x^2+2x+8,ADD,1085,8,5,3,5
1793,x^3+6x^2+2x+9,ADD,1085,9,5,3,5
1794,x^3+6x^2+2x+10,ADD,1085,10,5,3,5
1795,x^3+6x^2+2x+11,ADD,1085,11,5,3,5
1796,x^3+6x^2+3x+1,ADD,1086,1,5,3,5
1797,x^3+6x^2+3x+2,ADD,1086,2,5,3,5
1798,x^3+6x^2+3x+3,ADD,1086,3,5,3,5
1799,x^3+6x^2+3x+4,ADD,1086,4,5,3,5
1800,x^3+6x^2+3x+5,ADD,1086,5,5,3,5
1801,x^3+6x^2+3x+6,ADD,1086,6,5,3,5
1802,x^3+6x^2+3x+7,ADD,1086,7,5,3,5
1803,x^3+6x^2+3x+8,ADD,1086,8,5,3,5
1804,x^3+6x^2+3x+9,ADD,1086,9,5,3,5
1805,x^3+6x^2+3x+10,ADD,1086,10,5,3,5
1806,x^3+6x^2+3x+11,ADD,1086,11,5,3,5
1807,x^3+6x^2+4x+1,ADD,1087,1,5,3,5
1808,x^3+6x^2+4x+2,ADD,1087,2,5,3,5
1809,x^3+6x^2+4x+3,ADD,1087,3,5,3,5
1810,x^3+6x^2+4x+4,ADD,1087,4,5,3,5
1811,x^3+6x^2+4x+5,ADD,1087,5,5,3,5
1812,x^3+6x^2+4x+6,ADD,1087,6,5,3,5
1813,x^3+6x^2+4x+7,ADD,1087,7,5,3,5
1814,x^3+6x^2+4x+8,ADD,1087,8,5,3,5
1815,x^3+6x^2+4x+9,ADD,1087,9,5,3,5
1816,x^3+6x^2+4x+10,ADD,1087,10,5,3,5
1817,x^3+6x^2+4x+11,ADD,1087,11,5,3,5
1818,x^3+6x^2+11x+1,ADD,1090,1,5,3,5
1819,x^3+6x^2+11x+2,ADD,1090,2,5,3,5
1820,x^3+6x^2+11x+3,ADD,1090,3,5,3,5
1821,x^3+6x^2+11x+4,ADD,1090,4,5,3,5
1822,x^3+6x^2+11x+5,ADD,1090,5,5,3,5
1823,x^3+6x^2+11x+7,ADD,1090,7,5,3,5
1824,x^3+6x^2+11x+8,ADD,1090,8,5,3,5
1825,x^3+6x^2+11x+9,ADD,1090,9,5,3,5
1826,x^3+6x^2+11x+10,ADD,1090,10,5,3,5
1827,x^3+6x^2+11x+11,ADD,1090,11,5,3,5
1828,x^3+1,ADD,1007,1,3,3,3
1829,x^3+2,ADD,1007,2,3,3,3
1830,x^3+3,ADD,1007,3,3,3,3
1831,x^3+4,ADD,1007,4,3,3,3
1832,x^3+5,ADD,1007,5,3,3,3
1833,x^3+6,ADD,1007,6,3,3,3
1834,x^3+7,ADD,1007,7,3,3,3
1835,x^3+8,ADD,1007,8,3,3,3
1836,x^3+9,ADD,1007,9,3,3,3
1837,x^3+10,ADD,1007,10,3,3,3
1838,x^3+11,ADD,1007,11,3,3,3
1839,x^3+x+1,ADD,1007,13,4,3,3
1840,x^3+x+2,ADD,1007,14,4,3,3
1841,x^3+x+3,ADD,1007,15,4,3,3
1842,x^3+x+4,ADD,1007,16,4,3,3
1843,x^3+x+5,ADD,1007,17,4,3,3
1844,x^3+x+6,ADD,1007,18,4,3,3
1845,x^3+x+7,ADD,1007,19,4,3,3
1846,x^3+x+8,ADD,1007,20,4,3,3
1847,x^3+x+9,ADD,1007,21,4,3,3
1848,x^3+x+10,ADD,1007,22,4,3,3
1849,x^3+x+11,ADD,1007,23,4,3,3
1850,x^3+2x+1,ADD,1015,1,4,3,4
1851,x^3+2x+2,ADD,1015,2,4,3,4
1852,x^3+2x+3,ADD,1015,3,4,3,4
1853,x^3+2x+4,ADD,1015,4,4,3,4
1854,x^3+2x+5,ADD,1015,5,4,3,4
1855,x^3+2x+6,ADD,1015,6,4,3,4
1856,x^3+2x+7,ADD,1015,7,4,3,4
1857,x^3+2x+8,ADD,1015,8,4,3,4
1858,x^3+2x+9,ADD,1015,9,4,3,4
1859,x^3+2x+10,ADD,1015,10,4,3,4
1860,x^3+2x+11,ADD,1015,11,4,3,4
1861,x^3+3x+3,ADD,1016,3,4,3,4
1862,x^3+4x+4,ADD,1017,4,4,3,4
1863,x^3+5x+5,ADD,1018,5,4,3,4
1864,x^3+6x+6,ADD,1019,6,4,3,4
1865,x^3+7x+7,ADD,1020,7,4,3,4
1866,x^3+8x+8,ADD,1021,8,4,3,4
1867,x^3+9x+9,ADD,1022,9,4,3,4
1868,x^3+10x+10,ADD,1023,10,4,3,4
1869,x^3+3x+6,ADD,1016,6,4,3,4
1870,x^3+4x+8,ADD,1017,8,4,3,4
1871,x^3+5x+10,ADD,1018,10,4,3,4
1872,x^3+3x+9,ADD,1016,9,4,3,4
1873,x^3+3x+1,ADD,1016,1,4,3,4
1874,x^3+3x+2,ADD,1016,2,4,3,4
1875,x^3+3x+4,ADD,1016,4,4,3,4
1876,x^3+3x+5,ADD,1016,5,4,3,4
1877,x^3+3x+7,ADD,1016,7,4,3,4
1878,x^3+3x+8,ADD,1016,8,4,3,4
1879,x^3+3x+10,ADD,1016,10,4,3,4
1880,x^3+3x+11,ADD,1016,11,4,3,4
1881,x^3+4x+1,ADD,1017,1,4,3,4
1882,x^3+4x+2,ADD,1017,2,4,3,4
1883,x^3+4x+3,ADD,1017,3,4,3,4
1884,x^3+4x+5,ADD,1017,5,4,3,4
1885,x^3+4x+6,ADD,1017,6,4,3,4
1886,x^3+4x+7,ADD,1017,7,4,3,4
1887,x^3+4x+9,ADD,1017,9,4,3,4
1888,x^3+4x+10,ADD,1017,10,4,3,4
1889,x^3+4x+11,ADD,1017,11,4,3,4
1890,x^3+5x+1,ADD,1018,1,4,3,4
1891,x^3+5x+2,ADD,1018,2,4,3,4
1892,x^3+5x+3,ADD,1018,3,4,3,4
1893,x^3+5x+4,ADD,1018,4,4,3,4
1894,x^3+5x+6,ADD,1018,6,4,3,4
1895,x^3+5x+7,ADD,1018,7,4,3,4
1896,x^3+5x+8,ADD,1018,8,4,3,4
1897,x^3+5x+9,ADD,1018,9,4,3,4
1898,x^3+5x+11,ADD,1018,11,4,3,4
1899,x^3+6x+1,ADD,1019,1,4,3,4
1900,x^3+6x+2,ADD,1019,2,4,3,4
1901,x^3+6x+3,ADD,1019,3,4,3,4
1902,x^3+6x+4,ADD,1019,4,4,3,4
1903,x^3+6x+5,ADD,1019,5,4,3,4
1904,x^3+6x+7,ADD,1019,7,4,3,4
1905,x^3+6x+8,ADD,1019,8,4,3,4
1906,x^3+6x+9,ADD,1019,9,4,3,4
1907,x^3+6x+10,ADD,1019,10,4,3,4
1908,x^3+6x+11,ADD,1019,11,4,3,4
1909,x^3+7x+1,ADD,1020,1,4,3,4
1910,x^3+7x+2,ADD,1020,2,4,3,4
1911,x^3+7x+3,ADD,1020,3,4,3,4
1912,x^3+7x+4,ADD,1020,4,4,3,4
1913,x^3+7x+5,ADD,1020,5,4,3,4
1914,x^3+7x+6,ADD,1020,6,4,3,4
1915,x^3+7x+8,ADD,1020,8,4,3,4
1916,x^3+7x+9,ADD,1020,9,4,3,4
1917,x^3+7x+10,ADD,1020,10,4,3,4
1918,x^3+7x+11,ADD,1020,11,4,3,4
1919,x^3+8x+1,ADD,1021,1,4,3,4
1920,x^3+8x+2,ADD,1021,2,4,3,4
1921,x^3+8x+3,ADD,1021,3,4,3,4
1922,x^3+8x+4,ADD,1021,4,4,3,4
1923,x^3+8x+5,ADD,1021,5,4,3,4
1924,x^3+8x+6,ADD,1021,6,4,3,4
1925,x^3+8x+7,ADD,1021,7,4,3,4
1926,x^3+8x+9,ADD,1021,9,4,3,4
1927,x^3+8x+10,ADD,1021,10,4,3,4
1928,x^3+8x+11,ADD,1021,11,4,3,4
1929,x^3+9x+1,ADD,1022,1,4,3,4
1930,x^3+9x+2,ADD,1022,2,4,3,4
1931,x^3+9x+3,ADD,1022,3,4,3,4
1932,x^3+9x+4,ADD,1022,4,4,3,4
1933,x^3+9x+5,ADD,1022,5,4,3,4
1934,x^3+9x+6,ADD,1022,6,4,3,4
1935,x^3+9x+7,ADD,1022,7,4,3,4
1936,x^3+9x+8,ADD,1022,8,4,3,4
1937,x^3+9x+10,ADD,1022,10,4,3,4
1938,x^3+9x+11,ADD,1022,11,4,3,4
1939,x^3+10x+1,ADD,1023,1,4,3,4
1940,x^3+10x+2,ADD,1023,2,4,3,4
1941,x^3+10x+3,ADD,1023,3,4,3,4
1942,x^3+10x+4,ADD,1023,4,4,3,4
1943,x^3+10x+5,ADD,1023,5,4,3,4
1944,x^3+10x+6,ADD,1023,6,4,3,4
1945,x^3+10x+7,ADD,1023,7,4,3,4
1946,x^3+10x+8,ADD,1023,8,4,3,4
1947,x^3+10x+9,ADD,1023,9,4,3,4
1948,x^3+10x+11,ADD,1023,11,4,3,4
1949,x^3+x^2+1,ADD,1008,1,4,3,3
1950,x^3+x^2+2,ADD,1008,2,4,3,3
1951,x^3+x^2+3,ADD,1008,3,4,3,3
1952,x^3+x^2+4,ADD,1008,4,4,3,3
1953,x^3+x^2+5,ADD,1008,5,4,3,3
1954,x^3+x^2+6,ADD,1008,6,4,3,3
1955,x^3+x^2+7,ADD,1008,7,4,3,3
1956,x^3+x^2+8,ADD,1008,8,4,3,3
1957,x^3+x^2+9,ADD,1008,9,4,3,3
1958,x^3+x^2+10,ADD,1008,10,4,3,3
1959,x^3+x^2+11,ADD,1008,11,4,3,3
1960,x^3+2x^2+1,ADD,1009,1,4,3,3
1961,x^3+2x^2+2,ADD,1009,2,4,3,3
1962,x^3+2x^2+3,ADD,1009,3,4,3,3
1963,x^3+2x^2+4,ADD,1009,4,4,3,3
1964,x^3+2x^2+5,ADD,1009,5,4,3,3
1965,x^3+2x^2+6,ADD,1009,6,4,3,3
1966,x^3+2x^2+7,ADD,1009,7,4,3,3
1967,x^3+2x^2+8,ADD,1009,8,4,3,3
1968,x^3+2x^2+9,ADD,1009,9,4,3,3
1969,x^3+2x^2+10,ADD,1009,10,4,3,3
1970,x^3+2x^2+11,ADD,1009,11,4,3,3
1971,x^3+3x^2+1,ADD,1010,1,4,3,3
1972,x^3+3x^2+2,ADD,1010,2,4,3,3
1973,x^3+3x^2+3,ADD,1010,3,4,3,3
1974,x^3+3x^2+4,ADD,1010,4,4,3,3
1975,x^3+3x^2+5,ADD,1010,5,4,3,3
1976,x^3+3x^2+6,ADD,1010,6,4,3,3
1977,x^3+3x^2+7,ADD,1010,7,4,3,3
1978,x^3+3x^2+8,ADD,1010,8,4,3,3
1979,x^3+3x^2+9,ADD,1010,9,4,3,3
1980,x^3+3x^2+10,ADD,1010,10,4,3,3
1981,x^3+3x^2+11,ADD,1010,11,4,3,3
1982,x^3+4x^2+1,ADD,1011,1,4,3,3
1983,x^3+4x^2+2,ADD,1011,2,4,3,3
1984,x^3+4x^2+3,ADD,1011,3,4,3,3
1985,x^3+4x^2+4,ADD,1011,4,4,3,3
1986,x^3+4x^2+5,ADD,1011,5,4,3,3
1987,x^3+4x^2+6,ADD,1011,6,4,3,3
1988,x^3+4x^2+7,ADD,1011,7,4,3,3
1989,x^3+4x^2+8,ADD,1011,8,4,3,3
1990,x^3+4x^2+9,ADD,1011,9,4,3,3
1991,x^3+4x^2+10,ADD,1011,10,4,3,3
1992,x^3+4x^2+11,ADD,1011,11,4,3,3
1993,x^3+5x^2+1,ADD,1012,1,4,3,3
1994,x^3+5x^2+2,ADD,1012,2,4,3,3
1995,x^3+5x^2+3,ADD,1012,3,4,3,3
1996,x^3+5x^2+4,ADD,1012,4,4,3,3
1997,x^3+5x^2+5,ADD,1012,5,4,3,3
1998,x^3+5x^2+6,ADD,1012,6,4,3,3
1999,x^3+5x^2+7,ADD,1012,7,4,3,3
2000,x^3+5x^2+8,ADD,1012,8,4,3,3
2001,x^3+5x^2+9,ADD,1012,9,4,3,3
2002,x^3+5x^2+10,ADD,1012,10,4,3,3
2003,x^3+5x^2+11,ADD,1012,11,4,3,3
2004,x^3+6x^2+1,ADD,1013,1,4,3,3
2005,x^3+6x^2+2,ADD,1013,2,4,3,3
2006,x^3+6x^2+3,ADD,1013,3,4,3,3
2007,x^3+6x^2+4,ADD,1013,4,4,3,3
2008,x^3+6x^2+5,ADD,1013,5,4,3,3
2009,x^3+6x^2+6,ADD,1013,6,4,3,3
2010,x^3+6x^2+7,ADD,1013,7,4,3,3
2011,x^3+6x^2+8,ADD,1013,8,4,3,3
2012,x^3+6x^2+9,ADD,1013,9,4,3,3
2013,x^3+6x^2+10,ADD,1013,10,4,3,3
2014,x^3+6x^2+11,ADD,1013,11,4,3,3
